path,sha256,last_modified_iso,size_bytes
/Users/frisowempe/ISA_D/.DS_Store,2cbabab6657ff8e4975defac738da2ff0649601147d0d0d9306e161adea424d6,2025-09-05T18:23:14.844135+00:00,14340
/Users/frisowempe/ISA_D/.agent/policy.yaml,d4aaa144d9c6649106414486f5d1734a358476387abfab6796715e37c1b27143,2025-09-01T17:41:44.518398+00:00,921
/Users/frisowempe/ISA_D/.commitlintrc.yml,a9aa2b12b2a6574f21e3794a62ed012496f6cb712122998688c9afe52d5c8ed6,2025-09-01T19:35:06.024103+00:00,140
/Users/frisowempe/ISA_D/.coveragerc,d53065dcc161fd309203890490c5e0db3b68278a749e219bd680ebbc3d7af8e3,2025-09-02T04:41:36.450604+00:00,362
/Users/frisowempe/ISA_D/.devcontainer/devcontainer.json,d8a776b7c714619dafd5cddcc812a9e712584765d4f2c90f70dccce898df2518,2025-09-01T21:56:14.353425+00:00,701
/Users/frisowempe/ISA_D/.env.example,b356fd9c9c6e6cb67a09054ea77ef65e94a0e07ef5570668bcb81fc1fc5ed366,2025-09-05T15:22:26.771687+00:00,854
/Users/frisowempe/ISA_D/.gitattributes,4b354b7985b180efa80f12e12f4c444a18b8dcbfa361b687a54bb8dee8484641,2025-09-02T05:01:53.347698+00:00,376
/Users/frisowempe/ISA_D/.github/.DS_Store,29c56f1178552f00251e0c5c60df9a27001ac09dbaf275c0fa57960e2059e4f1,2025-09-05T15:51:30.261230+00:00,6148
/Users/frisowempe/ISA_D/.github/CODEOWNERS,4e9a3dafe24de95372cc9a9e046c495efe6ca2c340368211d935e3236d13c5d4,2025-09-02T04:42:04.486361+00:00,694
/Users/frisowempe/ISA_D/.github/ISSUE_TEMPLATE/bug_report.md,3b91ea923c696fedd98268ec5fc4a912987081193ebcf3420ba33c3584ac403e,2025-09-02T04:42:20.078990+00:00,222
/Users/frisowempe/ISA_D/.github/ISSUE_TEMPLATE/config.yml,10ef27cfbe1f4b040e0d854d959652f7b77a2941961733bc9b31ba6ccc0b0a4e,2025-09-02T04:42:13.115360+00:00,198
/Users/frisowempe/ISA_D/.github/ISSUE_TEMPLATE/feature_request.md,7701bd09350434e6318152e72c6cb233b82751ba86d0d50fc8167e516b341ea7,2025-09-02T04:42:26.120597+00:00,201
/Users/frisowempe/ISA_D/.github/ISSUE_TEMPLATE/high-priority-governance.md,418043c3cd1aead8a570f8ab6eb0587d844006507215ef32d1caf7ed46a04160,2025-09-04T19:40:15.408422+00:00,961
/Users/frisowempe/ISA_D/.github/dependabot.yml,35e9c23995efb44afa08b603fb9488c75d45fd9da578d356f751cf76f60fbe3f,2025-09-02T04:32:19.183701+00:00,218
/Users/frisowempe/ISA_D/.github/labeler.yml,313ab4ff4e15e5b2fc946c3819b6beda8188d2ea85b3e68336f6bd2212246e41,2025-09-01T19:35:10.840837+00:00,164
/Users/frisowempe/ISA_D/.github/pull_request_template.md,bc5fa3bbb98f414754bba7c2197bd30d40b708d6047f5c19bd263b1e9aa95821,2025-09-02T03:43:59.575987+00:00,1403
/Users/frisowempe/ISA_D/.github/workflows/agent_check.yml,ea4a18fbafe02923016c41309d952c461962771aea274de7e75c85b4618a541f,2025-09-01T17:49:07.494662+00:00,996
/Users/frisowempe/ISA_D/.github/workflows/auto_pr.yml,a690a94c317176e70a674c4a1e396d1213420594347ae889857d98fbb20b2afb,2025-09-01T19:49:25.098208+00:00,3154
/Users/frisowempe/ISA_D/.github/workflows/auto_update.yml,fb58e432b11ffe229bd05b87cc5f7384b7ea1164a8e6cc10a57b189c67aca640,2025-09-01T19:34:53.922646+00:00,566
/Users/frisowempe/ISA_D/.github/workflows/automerge.yml,94a6167a4f4fb2abd47ea8388158df5bbfd79ca8e78780690a08b7f41b8a71ce,2025-09-01T18:15:41.355716+00:00,595
/Users/frisowempe/ISA_D/.github/workflows/ci.yml,9a31077bab52699cc969220e2c1146b385501b1ce53396f96198c000723a5458,2025-09-05T15:51:29.696749+00:00,13210
/Users/frisowempe/ISA_D/.github/workflows/commitlint.yml,c6110572c1018ed7457836bc8b6b0e228ad51f65f86755a6e81a529bd6b0fb4c,2025-09-01T19:49:14.556105+00:00,590
/Users/frisowempe/ISA_D/.github/workflows/context7.yml,e4f6a7ac654ac378b9a41a2e4e1bb1cd70dd392ad0e6ee8dc3fd9f26bda66c37,2025-09-05T15:10:41.905370+00:00,829
/Users/frisowempe/ISA_D/.github/workflows/determinism_matrix.yml,439b7401153d506400a6fd50031defb249dd0abbe5f62926e7da97fb49c1105e,2025-09-02T01:45:30.724248+00:00,686
/Users/frisowempe/ISA_D/.github/workflows/docs_auto_sync.yml,ed62a6b97c70d0b4695812503c85429dca90f515735a557af99f17df4685db3f,2025-09-01T11:41:57.135158+00:00,755
/Users/frisowempe/ISA_D/.github/workflows/format_autocommit.yml,95b50e9e02632920dd289d403373bc8e264b90d5ad88a023ae6aff069b53ab67,2025-09-01T19:49:38.100086+00:00,939
/Users/frisowempe/ISA_D/.github/workflows/labeler.yml,097dc6cb44fdae38c7536cd347e4118363f76d96214742c25e2192b7a5d1094b,2025-09-01T19:49:20.783624+00:00,1644
/Users/frisowempe/ISA_D/.github/workflows/nightly.yml,293e9e8b0c0a4766459b6b2b71a14c2d8ccc1a45379a02f98e0aa803a9296e3a,2025-09-02T03:25:11.307313+00:00,744
/Users/frisowempe/ISA_D/.github/workflows/poc_bench.yml,2844508b726966fe534b0844500be01ffafd168c812bcff47b4520cdf26ff8ed,2025-09-01T12:37:18.486973+00:00,1365
/Users/frisowempe/ISA_D/.github/workflows/release-please.yml,4f8ee3c58fc2d50eb62231dd35e5523784c72ee63745ba1ec949c9e91290bc91,2025-09-01T19:35:14.570071+00:00,587
/Users/frisowempe/ISA_D/.github/workflows/repo_index.yml,20dc063a71a94a364b959bc3a18c48c9f7697df76d607953780db97b7a8b1b6f,2025-09-01T21:10:14.047320+00:00,781
/Users/frisowempe/ISA_D/.github/workflows/research_seed.yml,9aa7bb883d920dd19ace23c3609cdb044459733cf65c71610103ad5fde6307aa,2025-09-02T07:57:31.031826+00:00,1562
/Users/frisowempe/ISA_D/.github/workflows/tidy.yml,4d15af19a7df9e25c6f662890b9901fc1c15617df8185a325507167e051d49ed,2025-09-01T18:16:20.406189+00:00,698
/Users/frisowempe/ISA_D/.github/workflows/validate_docs.yml,ee80ef0153272d4b866fb1fc1856c38697f10ecb0709a3f70b8285261993e76d,2025-09-04T19:40:15.408399+00:00,1358
/Users/frisowempe/ISA_D/.github/workflows/weekly.yml,c1abfd39457eaff300e6b300aea838c7e389a1b7240e48ed9bf3036012b3febd,2025-09-02T03:25:14.979634+00:00,988
/Users/frisowempe/ISA_D/.gitignore,7062af5c3a72d06f8c039c6c144f0ca1f90ca1111b4cf89496daf20ecd83987f,2025-09-02T04:56:05.537789+00:00,719
/Users/frisowempe/ISA_D/.pre-commit-config.yaml,8f940664de4cc7dd79ac75f5108f598be0338d8271cee6d03d2ffe97810186ee,2025-09-02T01:30:21.644647+00:00,533
/Users/frisowempe/ISA_D/.pytest_cache/.gitignore,3ed731b65d06150c138e2dadb0be0697550888a6b47eb8c45ecc9adba8b8e9bd,2025-09-02T02:39:31.431025+00:00,37
/Users/frisowempe/ISA_D/.pytest_cache/CACHEDIR.TAG,37dc88ef9a0abeddbe81053a6dd8fdfb13afb613045ea1eb4a5c815a74a3bde4,2025-09-02T02:39:31.431107+00:00,191
/Users/frisowempe/ISA_D/.pytest_cache/README.md,93fde4e889600a521f36015125baf76587433c28f4ed155c1e0c6fdda0aabcf1,2025-09-02T03:29:24.573414+00:00,327
/Users/frisowempe/ISA_D/.pytest_cache/v/cache/lastfailed,a23ef2a24851bdf9963b436a7ae71b0cba8c12b5f0190ef4f00a5ab1de9a44ec,2025-09-02T08:04:57.816151+00:00,4294
/Users/frisowempe/ISA_D/.pytest_cache/v/cache/nodeids,fa9fe72fb372fd43fcde441b3461a9cfc50a805bd7716ede3a44cd0e74d01dba,2025-09-02T08:04:57.815742+00:00,4154
/Users/frisowempe/ISA_D/.roomodes,4a1c645bf662aa9aa5ce807b1d10abce1d31294e20bf504f8e14ed9c879c0a68,2025-09-05T14:35:51.649012+00:00,16
/Users/frisowempe/ISA_D/.ruff_cache/.gitignore,9e3a60f1e6ec4ae60215c11d54b171392745ec25e9dded433d5bd921363af316,2025-09-01T20:15:58.220544+00:00,35
/Users/frisowempe/ISA_D/.ruff_cache/0.12.11/10578669966296840592,6a3d37917b0b9734e644e9aaeb3798a9ccb78ae3d0d36c9395fb18b2e5cc9b4b,2025-09-01T20:25:26.943432+00:00,302
/Users/frisowempe/ISA_D/.ruff_cache/0.12.11/10622395102994413709,ee08a6ad4b6f5b53ae8d3b721c18370981f2bb45bdc8e77f4e1d89ddc0187691,2025-09-01T20:15:58.244542+00:00,302
/Users/frisowempe/ISA_D/.ruff_cache/0.12.11/11108848803567335183,f09db5b60f1da1bd9ed25c759d3c7082ca85002d8f52cfbf688acb9b856faa72,2025-09-01T20:15:58.244706+00:00,90
/Users/frisowempe/ISA_D/.ruff_cache/0.12.11/1353254835832282631,23f9716e0fa2d08436b27930807eddbf2aacf8fb59f5868f148f796250b08d8c,2025-09-01T20:22:09.455592+00:00,302
/Users/frisowempe/ISA_D/.ruff_cache/0.12.11/13841626222859826289,508c0691863b0359726d783a21a7111cbee3a8e0932df5fbbc726a962d0d8538,2025-09-01T20:25:26.944017+00:00,173
/Users/frisowempe/ISA_D/.ruff_cache/0.12.11/1621522849320213699,1ad5ec95fd6b42dc1ba397d3ab033d9cf8e8f3f4e62ce04646f4842c9b9858e0,2025-09-01T20:25:26.943364+00:00,90
/Users/frisowempe/ISA_D/.ruff_cache/0.12.11/3420539285845518869,8df203efeb70ce5d0c860e0f41a18a74008582eb6c350ef0bd71f8e2e22fe6b7,2025-09-01T20:22:09.453703+00:00,681
/Users/frisowempe/ISA_D/.ruff_cache/0.12.11/4306267106837259871,df53ed75cd36aeb9d8cb48317bd4e0e715be227e2d814bd03d308fc8e920f564,2025-09-01T20:22:09.454874+00:00,173
/Users/frisowempe/ISA_D/.ruff_cache/0.12.11/4707986829555100103,c4d565d29c296cce72b46a749fba7c9d783711450ed713498a22dd46c525cb23,2025-09-01T20:25:26.942332+00:00,681
/Users/frisowempe/ISA_D/.ruff_cache/0.12.11/9352919281939123515,165738280ac50830d389c9498da22b97680d8522215b582cf38ba9848665eb89,2025-09-01T20:22:09.454460+00:00,90
/Users/frisowempe/ISA_D/.ruff_cache/0.12.11/9857671843645529636,eeb4fef101fbd4975e267efae0345af8e41d107123ae00e36bb56abbbba174fb,2025-09-01T20:15:58.243979+00:00,681
/Users/frisowempe/ISA_D/.ruff_cache/0.12.11/9997422431985942966,cad5bd961e710cdf5cf2b625a706ebb4bac329f9ee11a4ef1704c8b764a0c595,2025-09-01T20:15:58.244828+00:00,173
/Users/frisowempe/ISA_D/.ruff_cache/CACHEDIR.TAG,5953156d7e0c564a427251316eaf26f8870e6483ae2197f916b630e4f93e31ae,2025-09-01T20:15:58.220458+00:00,43
/Users/frisowempe/ISA_D/.vscode/settings.json,33df5a1057ca2dd8b8da20adc4eb67be9c57e5d371fba42f7b64e0d618ddd4f8,2025-09-05T15:10:00.335916+00:00,280
/Users/frisowempe/ISA_D/.vscode/tasks.json,8bb5edeef82ecaee2b4c025ecb7bbf0a2f6db0710bd7f01a6a64f028afd03c44,2025-09-01T21:56:29.098861+00:00,1122
/Users/frisowempe/ISA_D/COHERENCE_SCORECARD.md,63d45c4cf98efc7df77e4c42a13c2504a1d210b8a3efd50eb5a1e6ae6033a6b1,2025-09-05T15:26:29.915828+00:00,296
/Users/frisowempe/ISA_D/CONTRIBUTING.md,fe47bc844075837de97ccffce0aa94e06e5509dc48eabe95b59d844bdbcc52d8,2025-09-05T15:22:31.758607+00:00,1655
/Users/frisowempe/ISA_D/ISA_SuperApp/Dockerfile,9dddb13a4f1e3d02a5efce8511ec0521cff4dd32bd1830c4e3021d9a8f291713,2025-09-05T15:51:10.615358+00:00,795
/Users/frisowempe/ISA_D/MAINTENANCE_LOG.md,495b562e78a3f8bd89a67dd7d6f1c48ad4eed6d2c30bcba93ffc1c50f3a92cef,2025-09-02T03:38:10.653271+00:00,2037
/Users/frisowempe/ISA_D/MAINTENANCE_SUMMARY.md,7c1eee928b00d0bd50a92fa9cf2c80eab1b44e2ce958263d59c16d55fac356cf,2025-09-02T03:39:59.940977+00:00,1177
/Users/frisowempe/ISA_D/Makefile,3c88f24a114a0804a2ad98ec4aba5b850e40d7d4a77fd64cc42989fbe291c73c,2025-09-05T17:14:12.232912+00:00,3866
/Users/frisowempe/ISA_D/QUALITY_SCORECARD.md,f92f40a83eb6dd23a795f667b0d430f80430ddb83f2bb244280c6fb9d34879da,2025-09-02T03:39:35.260178+00:00,934
/Users/frisowempe/ISA_D/README.md,d1647c8773030da4cb8f6a838212efe8c381781a395219ff35037542ba584ed3,2025-09-05T17:20:11.393290+00:00,3478
/Users/frisowempe/ISA_D/SECURITY.md,398cea305471155be24a3c6f59971fc22fecc2b2e31a2207c5814aca48564732,2025-09-02T04:32:37.417910+00:00,530
/Users/frisowempe/ISA_D/TERMS.md,8a19b0fdbecbdaca81b083905bb579177431792652241ea6271799e943338049,2025-09-05T15:26:29.915596+00:00,1836
/Users/frisowempe/ISA_D/agent/.DS_Store,ae983a6a27a698d4eff40387843e4c156e9f4ce9f6687f311ea093f644bfc9c4,2025-09-02T18:07:30.185009+00:00,6148
/Users/frisowempe/ISA_D/agent/check.py,adde90ac7e31b4600d8c172bba88a31e227ec7f4680916381a4b4531f015db7e,2025-09-01T20:22:09.446598+00:00,1742
/Users/frisowempe/ISA_D/agent/memory/memory_log.jsonl,6b4939ad8fa6305d6233f60d2a7a4caf2339be545b264f078081ff289ce4b381,2025-09-02T08:04:57.742614+00:00,14875
/Users/frisowempe/ISA_D/agent/outcomes/PR_NOTES.md,ad59ca13da3ea6ccd2946a5676998821b498a9f6a300e2086c5a5196e30bdd95,2025-09-02T00:06:12.418887+00:00,416
/Users/frisowempe/ISA_D/agent/outcomes/research_report.md,e3b0c44298fc1c149afbf4c8996fb92427ae41e4649b934ca495991b7852b855,2025-09-05T16:51:30.246823+00:00,0
/Users/frisowempe/ISA_D/agent/policy.py,7bb0b2182787c40ee3aacdde2c717977256ea96665201d404b8be0e66ee12af2,2025-09-01T20:22:09.447258+00:00,1653
/Users/frisowempe/ISA_D/coherence_graph.json,f36d96e988122479127fb0ea58c7706e58820794c002078e4a2c75799e37b0ae,2025-09-05T15:26:29.914504+00:00,215156
/Users/frisowempe/ISA_D/context7-master/.DS_Store,e3d260dc3f5478c5c70f3ffd111e998212fac21e1fc443d901002f46654216d4,2025-09-05T13:25:23.387215+00:00,6148
/Users/frisowempe/ISA_D/context7-master/.github/dependabot.yml,d24f37715c256281f2ba461260a078dcde1d63049dcbd614e03574030e5bc366,2025-09-05T11:21:09+00:00,362
/Users/frisowempe/ISA_D/context7-master/.github/workflows/check.yaml,889fee5d310379512e9021d01b2b93df07c10cc871fe398e31e021850f8943e7,2025-09-05T11:21:09+00:00,932
/Users/frisowempe/ISA_D/context7-master/.github/workflows/release.yml,e84ab135e86c3b9dd9ad902e0aa4af2b2e094224b0dc25f42365eff936b30b43,2025-09-05T11:21:09+00:00,1500
/Users/frisowempe/ISA_D/context7-master/.gitignore,3be6826b1ffabf3cb2cc03554151fa1f641e0ae8261f5eb6ac682681134a01a3,2025-09-05T11:21:09+00:00,2251
/Users/frisowempe/ISA_D/context7-master/Dockerfile,e2d997427e0c3e02a6222542d30a6d76d5881dce4fb6dbd8ab97edaefa035eb0,2025-09-05T11:21:09+00:00,751
/Users/frisowempe/ISA_D/context7-master/LICENSE,85cfb556dc2b22b55d2565674fcdaac82f3f2f6b7a928d27003132721bb6736c,2025-09-05T11:21:09+00:00,1079
/Users/frisowempe/ISA_D/context7-master/README.md,d9fc576a2a885a86a4263c8978e440f977cde34ec13e3ef21605cc67bd2878af,2025-09-05T11:21:09+00:00,32924
/Users/frisowempe/ISA_D/context7-master/bun.lock,0fd8bde7102696593bc8303e8c714654e779b705bdbbf5834e67927bfe517d15,2025-09-05T11:21:09+00:00,56423
/Users/frisowempe/ISA_D/context7-master/docs/README.ar.md,6880054ab4e21e3804acd2c996c8c2c312dff37e0a3b2f5e72f0516643d6d5cd,2025-09-05T11:21:09+00:00,8400
/Users/frisowempe/ISA_D/context7-master/docs/README.de.md,aac175bb865caeeb7d1fec27980f9ee31484e413fae6aef86952abb958d78011,2025-09-05T11:21:09+00:00,11960
/Users/frisowempe/ISA_D/context7-master/docs/README.es.md,9dc272ba68ea0601df77c7f8539465fe10889cadb50fec58d3cd8bc64fac55f6,2025-09-05T11:21:09+00:00,8503
/Users/frisowempe/ISA_D/context7-master/docs/README.fr.md,652c92d64c6980db47066f94241045d57d1c23e2bbfb3684e18c58a34478dbdf,2025-09-05T11:21:09+00:00,13144
/Users/frisowempe/ISA_D/context7-master/docs/README.id-ID.md,871b54f0d70d94950f0ca671a10f7c948db5e407d963764b2081507ef702dcb3,2025-09-05T11:21:09+00:00,29163
/Users/frisowempe/ISA_D/context7-master/docs/README.it.md,4e92e0f775af5e279d6882db42a206835f42a848695d1a51a124edda75c3f1c7,2025-09-05T11:21:09+00:00,12210
/Users/frisowempe/ISA_D/context7-master/docs/README.ja.md,25fe4513cf260c2839d6c8ad39af7e04db20f29265d1ed200e1ddaa045f6acaa,2025-09-05T11:21:09+00:00,24484
/Users/frisowempe/ISA_D/context7-master/docs/README.ko.md,c6a8e2a525ec2520e165067d01c09606b7e04e65ac56e670bd23768f8d7bd49c,2025-09-05T11:21:09+00:00,29234
/Users/frisowempe/ISA_D/context7-master/docs/README.pt-BR.md,867e3957327f8007d217a7511d262eb6fa662ad0a81225a4957cb88c46c5652d,2025-09-05T11:21:09+00:00,32121
/Users/frisowempe/ISA_D/context7-master/docs/README.ru.md,b93d6207620ff38663e3861514179e8ae5f7969c2d2cc6b80e78b8ef5245f26c,2025-09-05T11:21:09+00:00,18644
/Users/frisowempe/ISA_D/context7-master/docs/README.tr.md,852e543f978130e4ed2703030d9584455ed0d1a780dc4e187bda662286e5a1eb,2025-09-05T11:21:09+00:00,13663
/Users/frisowempe/ISA_D/context7-master/docs/README.uk.md,026a63028b5943d13d597c62738388da9f5c683de59eeadc1da6cb6924ceeb55,2025-09-05T11:21:09+00:00,33772
/Users/frisowempe/ISA_D/context7-master/docs/README.vi.md,9b49589f709fee1da118dbf7dc18a2d8cb2210f9a6ef7d946549dbc1d594ce45,2025-09-05T11:21:09+00:00,31102
/Users/frisowempe/ISA_D/context7-master/docs/README.zh-CN.md,b3b61138bacbd20e52c78b1aad7e444ff78ad4650ca4509e276a5985864232dd,2025-09-05T11:21:09+00:00,32691
/Users/frisowempe/ISA_D/context7-master/docs/README.zh-TW.md,05b8852199a2a436dd68de184f9e75ad2ba6a84b685a9096ae5a2408235c5a28,2025-09-05T11:21:09+00:00,23711
/Users/frisowempe/ISA_D/context7-master/docs/adding-projects.md,1db81469bbbb26bd028b1969f9abf70cae507be03f878cf77b172057fba498e4,2025-09-05T11:21:09+00:00,5129
/Users/frisowempe/ISA_D/context7-master/dxt/.dxtignore,72f794b7f78b9c8cdd267c0e4c5121502de0fb9a25ffd9507e3c7106781a8142,2025-09-05T11:21:09+00:00,117
/Users/frisowempe/ISA_D/context7-master/dxt/context7.dxt,4537bd90ca130f4963602f7ab1c378824be777e9c677753a938bf9e4d34ee5f0,2025-09-05T11:21:09+00:00,1661829
/Users/frisowempe/ISA_D/context7-master/dxt/manifest.json,29f4025836fdac8c44e4154598e73b532f22d5ca255b9eb3e2585913509ff11f,2025-09-05T11:21:09+00:00,1236
/Users/frisowempe/ISA_D/context7-master/eslint.config.js,8b2fd79b996380e281e46a95ecb0208f1ace8866215929dc6231382f18e4a09c,2025-09-05T11:21:09+00:00,1058
/Users/frisowempe/ISA_D/context7-master/package.json,7c6238abd9528a81866dc381bf76e782db491b3d0ca17212fabc70376e34fb66,2025-09-05T11:21:09+00:00,1672
/Users/frisowempe/ISA_D/context7-master/prettier.config.mjs,67026edb79130f60376445ae994956c2df1f681a6f45a7b51c18a171035bddea,2025-09-05T11:21:09+00:00,213
/Users/frisowempe/ISA_D/context7-master/public/context7logo.png,1165942109f480ebab72741a84da4dba83e2d2a9872682bc1683d3bb12d51cc1,2025-09-05T11:21:09+00:00,9380
/Users/frisowempe/ISA_D/context7-master/public/cover.png,52d5218c8b980cd833644954c329ee768bc1e361d7bccc84b62d9df2cf76f500,2025-09-05T11:21:09+00:00,556414
/Users/frisowempe/ISA_D/context7-master/schema/context7.json,8653fbee58e456dfd2af8c1225e0380c4c50ccd5f05e89d3c56e10fa1a3186fc,2025-09-05T11:21:09+00:00,4345
/Users/frisowempe/ISA_D/context7-master/smithery.yaml,eabf0d72d3099d1a685edc698c88be3bebc7e2e9db03a29b2d785a46578f01fc,2025-09-05T11:21:09+00:00,266
/Users/frisowempe/ISA_D/context7-master/src/index.ts,8cf0c5aee957f20902a2be7a19fee2b21eba9e9a31c92303098f1cc329bca6e8,2025-09-05T11:21:09+00:00,14872
/Users/frisowempe/ISA_D/context7-master/src/lib/api.ts,cf66e28d6466113f07337fe321eecad3d3f5a3fefb719ee25e00eadcc0f1d657,2025-09-05T11:21:09+00:00,5062
/Users/frisowempe/ISA_D/context7-master/src/lib/encryption.ts,b8d7f0fd8fdf25abb237bcd3fe6dd6167a66cc676766f8f2dd3edbc9d7cf5f58,2025-09-05T11:21:09+00:00,1390
/Users/frisowempe/ISA_D/context7-master/src/lib/types.ts,be798ef5b08155eb6e41cd7e9a358a1f7e5c081d7ff6e17360a758676a542a3e,2025-09-05T11:21:09+00:00,510
/Users/frisowempe/ISA_D/context7-master/src/lib/utils.ts,fec55b690aa61370f96b79b7a4a7d594e881eb7324d4c6ab973142e31efd3495,2025-09-05T11:21:09+00:00,1863
/Users/frisowempe/ISA_D/context7-master/tsconfig.json,b6557f3886da824d435061324fe801b2486993726130a0d05723c65efbb9f794,2025-09-05T11:21:09+00:00,339
/Users/frisowempe/ISA_D/contradiction_report.md,05998bdddc8da4c769064b25548434e517a8e344a8ed0a17178974faf3617e0b,2025-09-05T15:26:29.915748+00:00,79
/Users/frisowempe/ISA_D/data/.DS_Store,fdf783523d26b311fa3b5175e491f8ae2ba912c9a5a844b2b4c964a61980302e,2025-09-04T19:32:33.217018+00:00,6148
/Users/frisowempe/ISA_D/data/data_catalog.yaml,daeb7a516de09da18e47fd06df574d45ddab934ddfdcd9d808b45fef069b0a42,2025-09-04T19:13:54.802105+00:00,1151
/Users/frisowempe/ISA_D/data/ingestion_manifests/isa_docs_v1_manifest.yaml,891944d6c5688866393a2fad852a8c84857239b84033ae7441c218bef3cf8e97,2025-09-04T19:40:15.408455+00:00,616
/Users/frisowempe/ISA_D/data/research_ledger_template.yaml,31763b277cd043e0d950fdea8d388666a0e20533382c074d8ea89578ba255927,2025-09-04T19:40:15.425684+00:00,707
/Users/frisowempe/ISA_D/docs/.DS_Store,3d148f2b8476b69c8fe9ef3c4a75fb5eb766d0be33a3a35f4ec030abdfc0f5e8,2025-09-05T18:23:14.838187+00:00,10244
/Users/frisowempe/ISA_D/docs/ADOPTION_PLAN.md,b8b8570d165133b43755946b9588669dd433d83782648def829efc95ff53bce5,2025-09-01T23:11:33.783608+00:00,3194
/Users/frisowempe/ISA_D/docs/ADR/0001-tooling-choice.md,29e560edf4497378fdc1db1c03f3c50b227c254dd647078eecf258a0580f5d02,2025-09-01T23:11:34.120953+00:00,790
/Users/frisowempe/ISA_D/docs/ADR/0002-agent-safety-and-autonomy.md,00e5953c5f8d50c209f3d516ffe7ba2b36ba0ae0fc29d76cecde42abb207c8dc,2025-09-01T23:11:34.121609+00:00,1315
/Users/frisowempe/ISA_D/docs/ADR/0003-canonical-json-orjson.md,46274c3d03fed0c246f92827c328311d13db862cce58bcc1dcbbad43c52e4569,2025-09-01T23:11:34.121466+00:00,1384
/Users/frisowempe/ISA_D/docs/ADR/0004-validation-fastjsonschema.md,ae5c19eb5a47fe72f0be9b4fb5649035a33b48af2fc8d777588fd7b8d2e48213,2025-09-01T23:11:34.120666+00:00,1464
/Users/frisowempe/ISA_D/docs/AGENTIC_ARCHITECTURE.md,6cb3f34b95019d429abcfd75c7894c2772acf44a74288a5e8d0431ca572db5c4,2025-09-05T18:23:14.331050+00:00,9055
/Users/frisowempe/ISA_D/docs/AGENTIC_GOALS.md,29539be921dae166ed56d4bb2bc6606f7b1b560a7122bb4b8d5bfd45c55b4887,2025-09-01T23:11:33.783444+00:00,4717
/Users/frisowempe/ISA_D/docs/AGENTIC_SCORECARD.md,c8fd5b54a486ef612f6aba5536594ff8f50a10b01aa691aa10017956d261f50f,2025-09-02T00:06:12.069046+00:00,2020
/Users/frisowempe/ISA_D/docs/AI_AGENT_ONBOARDING.md,8fb0baf3eb27298e1cd122949ba1de5a4bb07de8be9f96a184ef6efe3a434001,2025-09-05T13:53:06.858735+00:00,3969
/Users/frisowempe/ISA_D/docs/AI_PROJECT_CHARTER.md,35932565266ccdca903cb3dcf32d2d75bae1320dbe68bf1a2783075a52f51347,2025-09-04T19:13:54.771422+00:00,4523
/Users/frisowempe/ISA_D/docs/CI_WORKFLOWS.md,5be9938a24a23464d3ab3f9219b98918de88ba6916eb5d30381a229f6a7fdab7,2025-09-05T17:00:54.668973+00:00,5557
/Users/frisowempe/ISA_D/docs/COST_TELEMETRY.md,b906d2ca8749b46161f8245e71c1b722713fc7b2e1c9bb44ca6ce49870876189,2025-09-01T23:11:33.783187+00:00,922
/Users/frisowempe/ISA_D/docs/DEFINITION_OF_DONE.md,0d800f2f22dbbe1be38f767da634d2b2f0857b3b625ec67cdfa9e076cad3371c,2025-09-01T23:11:33.782444+00:00,2194
/Users/frisowempe/ISA_D/docs/IMPLEMENTATION_PLAN.md,90da9318aa90f81791d57241449e82666527c981d7aafd57055240618f275418,2025-09-04T19:13:54.771440+00:00,2905
/Users/frisowempe/ISA_D/docs/INDEX.md,736573921ad0ffb7866426fa57f76d896b6ae340ef513ec0a89eaba7d5e5a71d,2025-09-02T05:11:27.707004+00:00,4890
/Users/frisowempe/ISA_D/docs/MONOREPO_MIGRATION_MAP.csv,22d355e2b05acddaa5241f3410b1eca837910e1ab9012169e420cb87869bfdb8,2025-09-02T01:39:31.931038+00:00,291
/Users/frisowempe/ISA_D/docs/QUALITY_GATES.md,d317db85e55254ace57ad89222328b308bd33b481c21d0ecca7c24cbd98918ff,2025-09-05T18:23:14.331839+00:00,5030
/Users/frisowempe/ISA_D/docs/QUALITY_METHODS.md,b1f52f51c8ecaf003e44b21a21867b6e88f1e5b513754c44c5fed8029dba70e0,2025-09-02T04:06:45.157866+00:00,1585
/Users/frisowempe/ISA_D/docs/README.md,7d8a21a65a81d4be12a4829b642abc16aee377c44c8f11f6a12b1bd2648c63c3,2025-09-02T04:52:19.454558+00:00,1368
/Users/frisowempe/ISA_D/docs/RESEARCH_CAPABILITIES.md,c30ce579c2eaeac415d83be0c35fb1391fffd8e45a9cd704163700975d32d776,2025-09-02T07:58:37.011574+00:00,4175
/Users/frisowempe/ISA_D/docs/RESEARCH_KNOWLEDGE_GAPS.md,5c983fe00665240a7cbfc657ca6aef2f137d6e08d4fed62351ac287ea0155b4c,2025-09-01T23:11:33.780276+00:00,13125
/Users/frisowempe/ISA_D/docs/RESEARCH_OPERATIONS.md,68822f6d639b97e7b75f730b83842ff1389b1fcdc9cf3a56b52b81e682d10368,2025-09-01T23:11:33.780731+00:00,5358
/Users/frisowempe/ISA_D/docs/RESEARCH_SOURCES.md,27087525b0008da2e08bc3819ebd54a6f0408833809118ef9d9b930db160ad88,2025-09-01T23:11:33.781065+00:00,1282
/Users/frisowempe/ISA_D/docs/ROADMAP.md,5032c907d79c4caaec2f85d2a6a0c7f14af6ba6e16c4a6967708dbeb13a436ca,2025-09-05T14:48:04.256928+00:00,15152
/Users/frisowempe/ISA_D/docs/SLOs.md,cd68c93f709b3785bb9058d1bcaa74bc67894799b268c29c143490c28f4eadd4,2025-09-01T23:11:33.781251+00:00,575
/Users/frisowempe/ISA_D/docs/TECH_DEBT.md,657645ae67bc0dcdc28e621f344f50dd7c1b848d006b318cf7cab458fb0f78ae,2025-09-02T03:29:24.577045+00:00,630
/Users/frisowempe/ISA_D/docs/TODO.md,09b9dc04f22438b58944847964acf48f5ece72a2f307f4081cdff076a3e8728d,2025-09-05T14:48:18.749852+00:00,26610
/Users/frisowempe/ISA_D/docs/TODO_NeSy.md,dcfcaeeb58b2afe19ca658414ae767f33393fe39d3e512ee5ef6f37cd8af19d6,2025-09-01T23:11:33.782029+00:00,4697
/Users/frisowempe/ISA_D/docs/ULTIMATE_PLAN.md,eaddcf602296ac644a3115fe6e8036089a6eff6331b1f17bd8436f8a1f19ed58,2025-09-01T23:11:33.781707+00:00,5810
/Users/frisowempe/ISA_D/docs/VECTOR_STORE_SCHEMA.md,6abd7a439156ce3806bd4df1b67e86cbb310b8ce6488501cb959d4cceed9998b,2025-09-04T19:13:54.771378+00:00,2841
/Users/frisowempe/ISA_D/docs/agents/AGENTS.md,f9643de23a08a8423cf89e2cec0878e343f4246fb85e62dfd546d0749ea56e75,2025-09-05T13:56:38.924276+00:00,2825
/Users/frisowempe/ISA_D/docs/agents/CODEGENESIS.md,db94944d405b53f6d6fcbead6a01d02875bb8dab16c817f7b823d75290c5a99c,2025-09-01T23:11:34.121983+00:00,4415
/Users/frisowempe/ISA_D/docs/agents/INTEGRATION_PROMPTS.md,fc67c8e77b9aa6bb8929713b122017b661fa351df99f2723991f9198da9b5df1,2025-09-02T03:31:13.576148+00:00,1672
/Users/frisowempe/ISA_D/docs/agents/MEMORY_ARCHITECTURE.md,ccd7e7f584899255b1d25c231d77ee3f01fabbfe84434679cae3700f7eb6b397,2025-09-02T03:07:17.499707+00:00,1814
/Users/frisowempe/ISA_D/docs/agents/ORCHESTRATION_ARCHITECTURE.md,ffd619acc1f12276e1bb3bb020707f8eea57b18b1ff0769bf3b4340a83b78fa9,2025-09-02T03:30:57.659612+00:00,3456
/Users/frisowempe/ISA_D/docs/agents/RESEARCH_AGENT.md,2accfa2abc3078f8b2bda2320ffaef82ca10cf5c8ef893fd4a81a902a8312123,2025-09-05T14:57:02.520928+00:00,3066
/Users/frisowempe/ISA_D/docs/audit/agent_linkage.csv,d68cc3ee4f47ebf89f2b96153cc89961112223ccfdc8c6a74383818db0e7d515,2025-09-01T14:42:53.021709+00:00,9528
/Users/frisowempe/ISA_D/docs/audit/agent_loop_map.mermaid,6298aa6e3dd88c2cef630ca35e520a837b24a36d643f4b048986ecb4ce7f744a,2025-09-01T14:42:53.021902+00:00,564
/Users/frisowempe/ISA_D/docs/audit/agent_outcomes_summary.md,e05eea7668c15e40166536f7bf1a908603f7fc33191e2d43df5881f03753b3a5,2025-09-02T00:06:12.421088+00:00,113
/Users/frisowempe/ISA_D/docs/audit/audit_report.md,78465d324b7f11e2cf324b64e946143d0e03dcaa67b96b6e5f1fc6690de13210,2025-09-05T18:23:05.126867+00:00,829
/Users/frisowempe/ISA_D/docs/audit/coherence_issues.json,4b154655c5eb6531eb9afb99542a996097cb0601246de077ca329b9db09fd332,2025-09-01T13:35:48.087914+00:00,18
/Users/frisowempe/ISA_D/docs/audit/completeness_gap.yaml,fc95398dfe200a40500ba448ae4c94114c52c3f965f7242c1e07bf920603ccef,2025-09-05T18:23:05.096511+00:00,33994
/Users/frisowempe/ISA_D/docs/audit/coverage_baseline.json,ce24dab878e2d2a7e542f51a843f1527d5286ff33788df67827e3f3d3dc5cc53,2025-09-02T03:39:51.208639+00:00,25
/Users/frisowempe/ISA_D/docs/audit/docs_ref_report.md,71eb88ed7b11a366be2f4fe6589e08e4354ffd70cd6b9964135f43dc7fff2d21,2025-09-05T15:26:29.803021+00:00,42
/Users/frisowempe/ISA_D/docs/audit/gates_status.csv,8f232a5be934a156814b723357874c19d012990e767e033b65c6578e2c6ebd77,2025-09-01T14:57:42.271609+00:00,1696
/Users/frisowempe/ISA_D/docs/audit/healthcheck.md,adbf66be72f8a785530d7dd57236829e255f8a4a0b4e71c6498f4adb477d8b64,2025-09-05T15:26:29.922537+00:00,1203
/Users/frisowempe/ISA_D/docs/audit/inventory.csv,c999ab0da4065ac728811296a8813066b6a04cc7d373ce12c45e3180e25f077d,2025-09-05T18:23:20.865559+00:00,24818
/Users/frisowempe/ISA_D/docs/audit/inverse_index.csv,82c5fa4f0255f5ef0e1fcf63dbb74ef369e10f4b0e135c121c2f3601a9df9632,2025-09-05T18:23:05.055461+00:00,8975
/Users/frisowempe/ISA_D/docs/audit/remediation_plan.md,ff080e4779a9aeb502592a99837f185115c85e79779ac827762c0cef86068440,2025-09-05T18:23:05.126984+00:00,666
/Users/frisowempe/ISA_D/docs/audit/research_audit.jsonl,a053cec686250018b6689a244351fc3017ba90770b38c22429d0335e60d39eaa,2025-09-02T08:04:57.809572+00:00,2703
/Users/frisowempe/ISA_D/docs/audit/rule_catalog.csv,44e88e01a6ecf202d0c1887a55d08ad10d3d251d80eff6222f5428a6d079b8d0,2025-09-05T18:23:04.980224+00:00,73019
/Users/frisowempe/ISA_D/docs/audit/rule_confidence.csv,5dda66588230012f4a93db342d01b452a6638b5d063ee71fc057bcb5b7911342,2025-09-05T18:23:05.124079+00:00,12381
/Users/frisowempe/ISA_D/docs/audit/rules_extracted.csv,04ff12ada857fce0ea6f39c9b66c302fa9146842cdf74d4af1079523625f3db6,2025-09-05T18:23:04.943236+00:00,65937
/Users/frisowempe/ISA_D/docs/audit/scenario_simulation.md,141cf0dc0672ae36f85872e9b4f791780d9e80241e980b072ffc36822f071139,2025-09-02T00:12:03.652711+00:00,3112
/Users/frisowempe/ISA_D/docs/audit/search_index.jsonl,6d6fca96938ad8e6ebbec85895c17cf64bb1e70259a22ee8463bc7016e15f4e7,2025-09-05T18:23:04.772052+00:00,210882
/Users/frisowempe/ISA_D/docs/audit/size_baseline.json,01c68a7d1c58b4f11de4d481d70adf5a61106f134985316e5ba367147109086e,2025-09-02T03:39:51.299740+00:00,39
/Users/frisowempe/ISA_D/docs/audit/standards_alignment.csv,e80fe543ce78fc505703c749c5cc8e7b6fd466c1b8a6f71dc004e96595235126,2025-09-01T14:04:57.473668+00:00,304834
/Users/frisowempe/ISA_D/docs/audit/traceability_matrix.csv,9b871ea447a8f3d8c395a69307d7e0c18194f10c92faf05e9e9daab44f2464d5,2025-09-05T18:23:05.018588+00:00,47781
/Users/frisowempe/ISA_D/docs/data_quality/EXPECTATIONS_PLAN.md,840fbc6767fe2c48198b3f1cc486be5e420309447cfb40ca3dc73ee7533931da,2025-09-02T03:29:24.926467+00:00,675
/Users/frisowempe/ISA_D/docs/data_quality/sample.jsonl,91bc4d64c67354abc9324eff8f381d46dcf6ba1b428ed528bcae77be4f0e5ec7,2025-09-02T01:46:24.817251+00:00,103
/Users/frisowempe/ISA_D/docs/dspy/PROGRAMMATIC_PROMPTS.md,c15e9b097b847573c1f1fd324b65933b2b74e0f93f50069a4e6904cba746e9ea,2025-09-02T03:31:47.157183+00:00,391
/Users/frisowempe/ISA_D/docs/guilds/DIPLOMACY_STANDARDS_GUILDS.md,7d35871e07ad7029361fc094a620a8c80467a01b43e6704b33c9194514c19f1f,2025-09-02T03:34:18.456605+00:00,4330
/Users/frisowempe/ISA_D/docs/interop/MCP.md,4b6fb61096f00bbb45a9ef862b948ce5fa9c65d8b96b8875e331110ca0428518,2025-09-02T03:31:32.005379+00:00,507
/Users/frisowempe/ISA_D/docs/issues/0001_high_priority_items.md,7602003270d769f357e234eb1fe5d3ab1f8013963ff7ebf98c445c99d2cc5199,2025-09-04T19:40:15.425882+00:00,721
/Users/frisowempe/ISA_D/docs/llm/RUNTIME_LAYER.md,f428a73c5a0eacdda508d06fdadb80cf495676257679b214e12e8f9b60e1d2e1,2025-09-02T03:31:37.226844+00:00,467
/Users/frisowempe/ISA_D/docs/model_cards/EXAMPLE.md,d69d8b472a6ace89faf7f19370b098cbc778775ffe07c208dc9611cc4caa083f,2025-09-04T19:13:54.771432+00:00,1121
/Users/frisowempe/ISA_D/docs/model_cards/TEMPLATE.md,2af52ac7ecd4587ebe805f48ab15875fb4c1a2e2a2764b6d7982bd38abc077ea,2025-09-04T19:13:54.771228+00:00,1081
/Users/frisowempe/ISA_D/docs/ops/LFS_POLICY.md,e1ad0b05a01403585dc36d7279151f1c938e61a7f8b99de7e06fbe9149427e89,2025-09-02T05:02:14.750278+00:00,652
/Users/frisowempe/ISA_D/docs/ops/memory_privacy_dsr.md,1e469fd6f8c35b27aab760c347372bd4f2c57fa747f41c56128186975a76a13f,2025-09-02T04:34:48.208856+00:00,1215
/Users/frisowempe/ISA_D/docs/rag/PINECONE_RAG.md,713a331d7846ad1d2c2a5f8b4834ef92a64d2e14c19077a92f307ef8e96f9ff4,2025-09-02T03:31:26.167390+00:00,796
/Users/frisowempe/ISA_D/docs/research/POC_TEMPLATE.md,446d093347a0c1980d89fde4c9a4f2dbe2c74dcc536548d06d410a28f1decfe8,2025-09-04T19:40:15.425617+00:00,685
/Users/frisowempe/ISA_D/docs/research/q06_esg_models/poc_protocol.md,9a09aab13985a6c46400dc4f04c220cc441ea1ad4d9900f1803b8f9cd2028110,2025-09-01T23:11:34.126034+00:00,550
/Users/frisowempe/ISA_D/docs/research/q06_esg_models/search_ledger.md,98ffcccb1c68f46d8f6fe2a8d700d6d3e661a2f6aa311c9ba392d69e0376746e,2025-09-01T23:11:34.125900+00:00,542
/Users/frisowempe/ISA_D/docs/research/q11_orjson_determinism/poc_protocol.md,770773f3c4fd0c1cd9fbafce22998c80e401e67d77dd392080a3b9ae280b36cb,2025-09-01T23:11:34.124888+00:00,588
/Users/frisowempe/ISA_D/docs/research/q11_orjson_determinism/results.md,4cd6d51f647d3d82ba7e9dbc0a7208cd8c1f34fe4b7efbe41b17d81ebc428754,2025-09-02T00:12:12.809733+00:00,288
/Users/frisowempe/ISA_D/docs/research/q11_orjson_determinism/search_ledger.md,f6ed0184890b663203141888d0be924a6e7dc1f701526776aba5f1ec08d085e4,2025-09-01T23:11:34.124753+00:00,514
/Users/frisowempe/ISA_D/docs/research/q12_compiled_validators/poc_protocol.md,2b9ff7207b381e3040bd99ff6fc7b1ebe05dd853cc3453135795a2bb084b8c09,2025-09-01T23:11:34.124460+00:00,551
/Users/frisowempe/ISA_D/docs/research/q12_compiled_validators/results.md,f24865f260a60fe41e95f339b4f8b0581a7733bd24008124575098f59277f8df,2025-09-02T00:12:12.810107+00:00,329
/Users/frisowempe/ISA_D/docs/research/q12_compiled_validators/search_ledger.md,12f5e10db06ed8cf69e571cb9ad82b21d0440549bbf164ee5335bf88cf7963ee,2025-09-01T23:11:34.124317+00:00,520
/Users/frisowempe/ISA_D/docs/research/q13_polars_vs_pandas/poc_protocol.md,357784026f06a5fad60bd5f8688990a1eaa72c8684ee9ba1a5ba5a0bbe62f5ef,2025-09-01T23:11:34.125745+00:00,553
/Users/frisowempe/ISA_D/docs/research/q13_polars_vs_pandas/search_ledger.md,eb7b370546ba64fef79d478ddae364a520d012864c5cd2e9cfd9e03ead639c0f,2025-09-01T23:11:34.125589+00:00,460
/Users/frisowempe/ISA_D/docs/research/q21_xdist_stability/poc_protocol.md,7433fe54eca42713c1a9d6ff18bc46a73debe5470cdee65f59adec88a167ed18,2025-09-01T23:11:34.125386+00:00,521
/Users/frisowempe/ISA_D/docs/research/q21_xdist_stability/search_ledger.md,8d8502ab199c83fb61f22fb9d3c0063b82fb554126a8db3a5aaf9ae6608b4d3f,2025-09-01T23:11:34.125232+00:00,472
/Users/frisowempe/ISA_D/docs/templates/control_chart_template.md,783554dd34583f96eb543cb5737e872ad1355d5643b115be17423edb20e343d9,2025-09-01T23:11:34.124102+00:00,246
/Users/frisowempe/ISA_D/docs/templates/poc_protocol_template.md,4c6de9534d918eace193c2995bebcce7c575e88acf9c6fdd177fa39aa07adce7,2025-09-01T23:11:34.123677+00:00,413
/Users/frisowempe/ISA_D/docs/templates/power_analysis_template.md,9da4844bc51064cf9c4d693c65454099df6c23a567f216b326b964de8ac07ea1,2025-09-01T23:11:34.123065+00:00,279
/Users/frisowempe/ISA_D/docs/templates/retrospective_template.md,abdeb14cf2976e265504ceb9d3b0386ff63b3f46c335a984c929bfb69ef9399e,2025-09-01T23:11:34.122845+00:00,220
/Users/frisowempe/ISA_D/docs/templates/search_ledger_template.md,3a8c89fce34f7317157e458f26b1426f0bfc674b029d1e482012e9d4c845b2bd,2025-09-01T23:11:34.123963+00:00,352
/Users/frisowempe/ISA_D/docs/templates/threats_to_validity_template.md,27e64491fadd5e8ffc436b69105ccd7c8e2e1beec3d5391046d3969960280bd0,2025-09-01T23:11:34.123512+00:00,375
/Users/frisowempe/ISA_D/experiments/example_run.yaml,e7ad7e67f4c3fc06f868fcdebfa430c4cb10f0abd9c52c1d2ea49f10a6dce26e,2025-09-04T19:40:15.426586+00:00,278
/Users/frisowempe/ISA_D/gemini.md,6879c2a332302686713b3635c84a541caac363f0e13319ed0129331082543868,2025-09-05T17:14:23.355595+00:00,2879
/Users/frisowempe/ISA_D/infra/.DS_Store,cbdbd2a4ed91baa2a1a99c50e569ba1c22c6fd8460a38636c10ab1c848219d58,2025-09-03T07:47:43.510384+00:00,6148
/Users/frisowempe/ISA_D/infra/__init__.py,01ba4719c80b6fe911b091a7c05124b64eeece964e09c058ef8f9805daca546b,2025-09-02T04:16:00.462097+00:00,1
/Users/frisowempe/ISA_D/infra/grafana/dashboard.json,1b647716a7b5f44722cb2acfc669bf5f89109d771b0b7964008d8d5c45e46a64,2025-09-01T11:42:19.034356+00:00,480
/Users/frisowempe/ISA_D/infra/monitoring/.DS_Store,ca38e9e104554415b22421440798ad7ad24b45ba470993e06f1b0cab0c573e6b,2025-09-03T07:47:26.694419+00:00,6148
/Users/frisowempe/ISA_D/infra/monitoring/dashboards/superapp.json,92dce5af119d6eea83498fd83626bc6590b8b3f135d5340019fca1fb25ee029c,2025-09-02T01:38:19.061308+00:00,819
/Users/frisowempe/ISA_D/infra/monitoring/docker-compose.yml,5cd6fa7493de55cf633eec35b3c10f71cffb4fc7b78342d39cf49d2adf140382,2025-09-01T23:52:14.869690+00:00,407
/Users/frisowempe/ISA_D/infra/monitoring/prometheus.yml,c166bb6dc69ff332c49d9e82c94ec6042e3d3d1e219dfc21c49f8a1c04dbc0d2,2025-09-01T23:52:21.622142+00:00,144
/Users/frisowempe/ISA_D/infra/otel/docker-compose.yml,2ed15e161c642c44a95a594a1a7d3650009398a4f73b5d58d6c0a270f29319f2,2025-09-01T23:50:17.621578+00:00,252
/Users/frisowempe/ISA_D/infra/rag/.DS_Store,eeb60009515136944596e76ad67661f3c5db1daf85b3647fd027af2aed6e24e4,2025-09-03T07:47:43.504852+00:00,6148
/Users/frisowempe/ISA_D/infra/rag/__init__.py,01ba4719c80b6fe911b091a7c05124b64eeece964e09c058ef8f9805daca546b,2025-09-02T04:16:08.141313+00:00,1
/Users/frisowempe/ISA_D/infra/rag/ingest/.DS_Store,381e280bd0e811892fba2230fba12c55e247576cf919a1ee4a00ac1074dea2a8,2025-09-03T07:47:37.849601+00:00,6148
/Users/frisowempe/ISA_D/infra/rag/ingest/__init__.py,01ba4719c80b6fe911b091a7c05124b64eeece964e09c058ef8f9805daca546b,2025-09-02T04:16:13.873708+00:00,1
/Users/frisowempe/ISA_D/infra/rag/ingest/splitter.py,3e9c703e752e599b8ad65376e5b9b1e30dba9ef541156421772df9192cf4fc76,2025-09-02T04:14:48.984213+00:00,744
/Users/frisowempe/ISA_D/infra/rag/tests/test_splitter.py,72e5b5e568e3aebd296a71559104c17c0d9aef41e0a2e3f56c901ca2397475b4,2025-09-02T04:14:56.759402+00:00,392
/Users/frisowempe/ISA_D/inventory.csv,d7f0e4f85817bbce9e66d0ea3748fd69a57d50b7a01c6ca4fef1a82d38e3fd06,2025-09-03T18:35:38.127079+00:00,24042
/Users/frisowempe/ISA_D/memory.json,0ac12bdc4e735dcc0295fe221c3bb10c3d1ae687a3b2c558e24967c69e344bde,2025-09-02T08:04:57.739983+00:00,508
/Users/frisowempe/ISA_D/orphans_and_dead_ends.md,6c58239f9c3ccf009c0447e1e7345f661e090227f057d085f1d58693f1d191ab,2025-09-05T15:26:29.915363+00:00,12195
/Users/frisowempe/ISA_D/pyproject.toml,7f9db205be992c1cee409386cfac4a647ae7cab10b65d8dc1c1da945e2827ad5,2025-09-02T03:06:39.737639+00:00,555
/Users/frisowempe/ISA_D/requirements-dev.txt,820f437f0a26f352a333008f7e94ca4dae2358cbffe651e2d3f0db7cd4ca1ce9,2025-09-05T15:29:26.255094+00:00,201
/Users/frisowempe/ISA_D/requirements.txt,3df113888c1ad4589d80a09f9e9984c41fed1d74be7e8531c7606424433715a2,2025-09-05T15:01:04.580290+00:00,23
/Users/frisowempe/ISA_D/run_research_crew.py,1b6224ac5bdb8b0ebc1ac46b05a4e54b1f64a37d9f4f1f3cb0d673efae2c9354,2025-09-05T16:50:33.501055+00:00,1971
/Users/frisowempe/ISA_D/sbom.spdx.json,e3b0c44298fc1c149afbf4c8996fb92427ae41e4649b934ca495991b7852b855,2025-09-03T19:03:47.824601+00:00,0
/Users/frisowempe/ISA_D/scripts/.DS_Store,2adb7a078760b3cb4ca477e7f9e8b522f9d59cba349cf7b4c6fb077e7b954d2b,2025-09-05T16:50:46.609630+00:00,6148
/Users/frisowempe/ISA_D/scripts/agent_outcomes.py,601e89445dbcda427d191b2f249ce1b7c7dd10c714537dc7f44ea1da77430408,2025-09-01T23:10:03.130278+00:00,1729
/Users/frisowempe/ISA_D/scripts/audit_agent_loops.py,8a9e3bcdf7512df9aa5ae49c8929ce477dfaf0f395a7f967827eed792f023f33,2025-09-01T20:22:09.444069+00:00,3003
/Users/frisowempe/ISA_D/scripts/audit_best_practice.py,703b28706320a631914328c2c222ccb3fe8e3f4336c971c7e962291d17ce5030,2025-09-01T20:22:09.443395+00:00,1913
/Users/frisowempe/ISA_D/scripts/audit_coherence.py,890bc34ac019c1c355f37de062163403e92620575596de760dd6a2c565ede723,2025-09-01T20:22:09.445809+00:00,3214
/Users/frisowempe/ISA_D/scripts/audit_completeness.py,bd50f7faf4710f129a0495b0c9bead1b646085707a7d8fc268046812522b31f5,2025-09-05T18:22:59.057554+00:00,4334
/Users/frisowempe/ISA_D/scripts/audit_gates.py,44f0908f54dd1f4b8bfd79fe03e6d16847fa5165fce65a20b748042c1daba621,2025-09-01T20:22:09.439700+00:00,3590
/Users/frisowempe/ISA_D/scripts/audit_inventory.py,5466775aed1fce6cf7a1efcf536b92e7a1770fbd7d33a0cdd02b398829e404fe,2025-09-01T20:22:09.449166+00:00,1435
/Users/frisowempe/ISA_D/scripts/audit_md_rules.py,34f78f534d6855ab44f5473289de4188afe063c9c467de2d5280beecd329441c,2025-09-01T17:51:08.104511+00:00,2371
/Users/frisowempe/ISA_D/scripts/audit_rule_normalize.py,5116fbb44d2c6502d517186de5ee0e331af5b2ff7061c9eb13406031c2396c5f,2025-09-01T20:22:09.438732+00:00,2603
/Users/frisowempe/ISA_D/scripts/audit_synthesis.py,012e453a81a8a093e198d1e2514a723bae1463cfef455dc1c777d76773e473a8,2025-09-01T20:22:09.452549+00:00,5877
/Users/frisowempe/ISA_D/scripts/audit_traceability.py,82e17f2e8b65d877fecf658b99c9d24ab66ee0465cac0a62acc6edd6633aa305,2025-09-01T20:15:58.239469+00:00,5055
/Users/frisowempe/ISA_D/scripts/auto_doc_update.py,f6eb61c4bf729a4b143905a86844f03c915e3b5bd678e7c5f42897eed98b2bc9,2025-09-01T20:22:09.440640+00:00,2125
/Users/frisowempe/ISA_D/scripts/auto_git.sh,434c3e5356a2532b811f33aabbc072a50322a0ea24e001ddfc5b658b9cc3179a,2025-09-01T19:35:31.242592+00:00,1739
/Users/frisowempe/ISA_D/scripts/bench_q11_orjson.py,dc8992e52296b878810531edbabe45f7fc200448c67036e853d36f350e6e9ce5,2025-09-01T23:08:26.322767+00:00,1638
/Users/frisowempe/ISA_D/scripts/bench_q12_validation.py,37c17f9c22f63d901d0738adfabf1c9e4df8a2a6bbc342e861b4fd782886496f,2025-09-01T23:08:26.323314+00:00,2538
/Users/frisowempe/ISA_D/scripts/bootstrap_repo.sh,e782157dd11216a845aa44c6b0c4d720d8d3996c438e626062d4f6b23d165781,2025-09-01T18:20:02.154973+00:00,4703
/Users/frisowempe/ISA_D/scripts/check_coverage_delta.py,25efe55f8d04acb173ce88408c3be7cdf743d3e005cf517813025f9324e37b32,2025-09-02T01:36:38.461571+00:00,1528
/Users/frisowempe/ISA_D/scripts/coherence_audit.py,a856311d4b919fdf39ed2c2cdbdb78a5ada7512b173801f6fb6de7678ffe7d77,2025-09-02T16:39:50.723828+00:00,7873
/Users/frisowempe/ISA_D/scripts/context7_cache_purge.py,9fd0f4151800ddcb5769e1f20225effae0f1ee9ee0083fc82cf71c37700ad97a,2025-09-05T15:23:07.422122+00:00,607
/Users/frisowempe/ISA_D/scripts/context7_cache_warm.py,c361f32719392fefa448c767d54ec1ad2273c0a5fae859cd0926e17a081530f3,2025-09-05T15:10:16.161753+00:00,1373
/Users/frisowempe/ISA_D/scripts/data_quality_run.py,b01cee4d4dfff54d391cd750cc2b6d38c6c40ed3ec2358a4e59be562806fdf25,2025-09-02T01:46:14.164419+00:00,2180
/Users/frisowempe/ISA_D/scripts/demo.sh,fe106a4cba84d3332cd8dbba8ccbc23b7d113041984e7a3d09b9fc6fdbf687e1,2025-09-02T01:40:10.248566+00:00,866
/Users/frisowempe/ISA_D/scripts/docs_parity_check.py,61285c68f0ded20f595fdaf03cfcf2342905cadb3c6b6922bfc167a52e26efe8,2025-09-05T15:10:24.440950+00:00,806
/Users/frisowempe/ISA_D/scripts/docs_ref_lint.py,ee530ae3bf64537c19c3d0129bb2f44648f810b8181b39b3f1fd295b6365c4d1,2025-09-01T23:10:53.134290+00:00,2927
/Users/frisowempe/ISA_D/scripts/evaluate_research.py,49e1f6e461a26280e5219313c1f71f9a5c1cd86f8c55c49f149c2a04aa51532f,2025-09-05T14:56:40.164765+00:00,2977
/Users/frisowempe/ISA_D/scripts/fix_coherence.py,83c749cff3514e94fad85cf3ccb90bd843fbd257df75a02e0b8c827fc596c9b8,2025-09-02T03:39:17.445226+00:00,1226
/Users/frisowempe/ISA_D/scripts/fix_large_and_release.sh,a6da851ae4d682585c8ea923b02a4336f28b8ba6dfd663907509bc769bf59370,2025-09-01T18:59:02.410483+00:00,2890
/Users/frisowempe/ISA_D/scripts/gate_stability.py,a4fde4fa61d56ae3fec0738ea31f41414f0aba6a41348c99f12a0e176c883a08,2025-09-02T01:37:19.082357+00:00,1347
/Users/frisowempe/ISA_D/scripts/gen_docs_index.py,c084e8831580fb11053ada31ad0570d9d4066c3c03e65c28b1aba9e47cee5b4e,2025-09-02T00:11:14.211462+00:00,1382
/Users/frisowempe/ISA_D/scripts/healthcheck.py,fdc6cf14ef409f2b60ad94b37494087ba3385f0172f9d720d1fd0bb7df1b0019,2025-09-02T03:43:51.785647+00:00,1979
/Users/frisowempe/ISA_D/scripts/index_repo.py,3150e7d8db5db21f3eb4dc3dd42328eb3a71c8d378a07bcad638434a3b71762e,2025-09-01T21:10:06.536442+00:00,4055
/Users/frisowempe/ISA_D/scripts/memory_coherence_gate.py,327b678fb2a209835cba1de788786a0a8a7e3974dc74bf33f3bab59933cb81f2,2025-09-02T03:04:24.864560+00:00,1410
/Users/frisowempe/ISA_D/scripts/outcomes_summary.py,f072ca4fee3b660daeeefccafe78dae7a82dcf11b53559803a139246e62e60ec,2025-09-01T23:10:26.339889+00:00,2300
/Users/frisowempe/ISA_D/scripts/policy_lint.py,d2b7e4ee7a6a2503d10e708c9af0925c20ef13053bb3bcc4d91d0dcd45c13e50,2025-09-01T20:22:09.437712+00:00,1670
/Users/frisowempe/ISA_D/scripts/prepare_pr_notes.py,2c2b07c7fca517fb302914528310add066a0151ec5518d34bc59008138c34a1a,2025-09-01T23:11:17.297405+00:00,2950
/Users/frisowempe/ISA_D/scripts/prune_bloat.py,aa37db082853725b439c66b5d4391d220413aa99c948df7c1069094c7c23ac86,2025-09-02T04:57:48.895703+00:00,1753
/Users/frisowempe/ISA_D/scripts/query_index.py,c67d0b7538fe8bd78fd18aa650721b555f80fbedb3ed6220a6555e95a49057bf,2025-09-01T21:13:07.338602+00:00,5041
/Users/frisowempe/ISA_D/scripts/research/.DS_Store,0b316c6e1d9a73fc02e2fee2322100aa53202df5dbb8ed5cde68b404703ef4a9,2025-09-04T20:08:48.226405+00:00,6148
/Users/frisowempe/ISA_D/scripts/research/__init__.py,01ba4719c80b6fe911b091a7c05124b64eeece964e09c058ef8f9805daca546b,2025-09-02T05:09:07.331573+00:00,1
/Users/frisowempe/ISA_D/scripts/research/connectors/__init__.py,01ba4719c80b6fe911b091a7c05124b64eeece964e09c058ef8f9805daca546b,2025-09-02T05:34:51.795344+00:00,1
/Users/frisowempe/ISA_D/scripts/research/connectors/federal_register.py,7a1ea9b96ad591dd92968186a23c6d52eff69075c0082d1d986f934ae8b72f73,2025-09-02T07:44:13.525388+00:00,1014
/Users/frisowempe/ISA_D/scripts/research/connectors/federal_register_live.py,3fbde39028427c860c37787ed178263fd73516a4d2dda52f915b49dff4705048,2025-09-02T08:04:46.767529+00:00,1418
/Users/frisowempe/ISA_D/scripts/research/connectors/w3c_tr.py,957f16805c2605853376c31b273148f60da94de367a3fede32149c600bbb3b39,2025-09-02T05:35:16.048525+00:00,944
/Users/frisowempe/ISA_D/scripts/research/eval_rag.py,9d66fc8d13bc8bf03da72c633f32f3950155324652d7c00a431447a366b5307c,2025-09-02T07:49:07.400286+00:00,896
/Users/frisowempe/ISA_D/scripts/research/extract.py,4432172a127e951acd1ba652e0718ab3cd96a0bc28163b2b6307ac2f626cf70a,2025-09-02T05:10:09.068374+00:00,476
/Users/frisowempe/ISA_D/scripts/research/fetcher.py,e128251d8e89fe458ede9b7f07ba81ec9f118129932f982fdf296289a89e02b4,2025-09-02T08:03:36.818521+00:00,4516
/Users/frisowempe/ISA_D/scripts/research/index_docs.py,c4647cc4b0c5286567b00ce855d92a7e66cdbe9323ed0527ec971414849f1267,2025-09-02T07:56:36.275735+00:00,4036
/Users/frisowempe/ISA_D/scripts/research/run_poc.py,9d672c9f8a205dfa5cc79a1c9d077284351e6d11bc79ae2b8911d64acceb6ed5,2025-09-04T19:40:15.427846+00:00,2511
/Users/frisowempe/ISA_D/scripts/research/tests/.DS_Store,8e62ecd13463e76e07c8ad3421b8b5c855ae799a625c73200445632b476121a9,2025-09-04T19:37:20.490523+00:00,6148
/Users/frisowempe/ISA_D/scripts/research/tests/fixtures/federal_register_sample.json,19052d85f3b8661c013b1acef7c5da94565b79d6395b8a2320e84b4c04c1546c,2025-09-02T07:44:43.316244+00:00,453
/Users/frisowempe/ISA_D/scripts/research/tests/fixtures/w3c_tr_index.json,1d1ade3061e17920ca3f157c0c871953db34066c466a45ee34f1af72edeebab9,2025-09-02T05:36:09.774149+00:00,321
/Users/frisowempe/ISA_D/scripts/research/tests/test_connector_federal_register.py,5d8615c75e6c02662ed542d110e005000cc8d9bdd780218369c919cb04bcbc2f,2025-09-02T07:45:12.400382+00:00,466
/Users/frisowempe/ISA_D/scripts/research/tests/test_connector_w3c_tr.py,a6b2538f6861f005900421589462647560ddf64ec599844ba1006b2e9b69cf09,2025-09-02T05:37:54.680682+00:00,422
/Users/frisowempe/ISA_D/scripts/research/tests/test_index_fr_integration.py,0d4fde164334e397c466b9259a0f871b3635d83a6e98f0edd47e1250d13664fc,2025-09-02T07:56:49.139596+00:00,438
/Users/frisowempe/ISA_D/scripts/research/tests/test_index_integration.py,2bfa84b3dad37ebf26a75c06b45931bee8eccec66e4415a0b7f5bfe23d74f120,2025-09-02T07:32:39.855800+00:00,540
/Users/frisowempe/ISA_D/scripts/research/tests/test_index_to_kg.py,982b5a4062a8c8a5cf6b1609b1b97bfb727698bd574e7ce17fb6d43469ab773c,2025-09-02T07:47:03.212423+00:00,520
/Users/frisowempe/ISA_D/scripts/research/tests/test_research_offline.py,3964419d852ebcdea6f683892ca00d71fadca3ecd8c583e323fcb5cca7a87840,2025-09-02T05:10:32.417818+00:00,582
/Users/frisowempe/ISA_D/scripts/save_baselines.py,416807f3e11c32c3a4bd8ae53b71a631bed9d50ff1161ac66f01f2bbb5d0de7f,2025-09-02T01:44:59.466357+00:00,1955
/Users/frisowempe/ISA_D/scripts/significance_trigger.py,0652de5ce503dfc815d1eb634820471265066368bf44c1548eb34e893420b5ba,2025-09-01T20:24:14.801082+00:00,2621
/Users/frisowempe/ISA_D/scripts/size_budget.py,ef7f979f0a102e6ffcbff402ded9587471f19a1813a048d1c28f4e14000ced76,2025-09-02T01:31:01.460661+00:00,1882
/Users/frisowempe/ISA_D/scripts/suggest_past_fixes.py,c193182571136ff39402120e1502d266dc88de31c82c585344e8322e15f88153,2025-09-01T23:53:05.748285+00:00,1568
/Users/frisowempe/ISA_D/src/.DS_Store,ed284135af2427c57b4bad8af80a10e63881125f8887403ed1c12bcba2abc58a,2025-09-05T16:50:46.609049+00:00,8196
/Users/frisowempe/ISA_D/src/__init__.py,8efd9817ffdbb1e9254f739613396a279a84db8738696779178af44d38cead64,2025-09-05T16:45:11.120132+00:00,65
/Users/frisowempe/ISA_D/src/agent_core/.DS_Store,ccbc2d4c7fa8967fddb20a9d8d5a1b390f650cf563bef542314ad140274fca56,2025-09-05T16:50:46.610918+00:00,6148
/Users/frisowempe/ISA_D/src/agent_core/README.md,6d490633a2e2e14bb420adfb190bec94805a40e160df0e83ce3c2402da6f7e62,2025-09-01T23:11:34.142770+00:00,495
/Users/frisowempe/ISA_D/src/agent_core/__init__.py,8efd9817ffdbb1e9254f739613396a279a84db8738696779178af44d38cead64,2025-09-05T16:45:11.120339+00:00,65
/Users/frisowempe/ISA_D/src/agent_core/agent_core/__init__.py,a1f81e9773ffb67242162fb06b120a8b406da0cfcc777757bfec9baf2f2238e0,2025-09-01T20:22:09.451753+00:00,385
/Users/frisowempe/ISA_D/src/agent_core/agent_core/builder.py,e7aa4aaaa1b3125b298e8f76a257ab6f5fb872e3fb81ef8bf75d7cdb2428c439,2025-09-01T20:22:09.451419+00:00,203
/Users/frisowempe/ISA_D/src/agent_core/agent_core/critic.py,6aa7dc6a48663c6b6798dee2b687d7dbfdcabbffae6a4c7ae34b757796748ab7,2025-09-01T20:22:09.450805+00:00,212
/Users/frisowempe/ISA_D/src/agent_core/agent_core/memory.py,a0ba143666f294b1a90f196bbbac0a2d518f303679d5f5cf8eabcc2c3063f953,2025-09-01T20:22:09.444204+00:00,468
/Users/frisowempe/ISA_D/src/agent_core/agent_core/planner.py,76176ad1824163b038ae9d2f0ff7ce9a556a869545c2c5af41af29cd9a12b5c9,2025-09-01T20:22:09.444719+00:00,352
/Users/frisowempe/ISA_D/src/agent_core/agent_core/policy.py,166ade6406da9a0adee73c1e5d7c93eac6b15b2c3c23e7b34b412218eeff2ee9,2025-09-01T20:22:09.443775+00:00,263
/Users/frisowempe/ISA_D/src/agent_core/agent_core/reward.py,c52eaeeecf70e7268c9d95bae859faf1a81199d7b4c015b89b020f481383c24d,2025-09-01T20:22:09.450463+00:00,419
/Users/frisowempe/ISA_D/src/agent_core/agent_core/verifier.py,51032d9109cb98ab88690b6be532a937cc760a10a451695350302bb6bb8f13cf,2025-09-01T20:22:09.449065+00:00,213
/Users/frisowempe/ISA_D/src/agent_core/agents/planner.py,7ce8df05fe85b8569f405114247fb93d9a074d4ab231ed55bf81fbdabfb7a200,2025-09-05T16:50:33.499096+00:00,2522
/Users/frisowempe/ISA_D/src/agent_core/agents/researcher.py,70e0b5a3245562071f967836234df6fde55a8bee14bf24d3e409d58099deebf5,2025-09-05T16:50:33.495640+00:00,4719
/Users/frisowempe/ISA_D/src/agent_core/agents/synthesizer.py,331749ad7df75160e2f9da94c74e546a54f1c6d2d4dac158eca4819874005122,2025-09-05T16:50:33.497497+00:00,2801
/Users/frisowempe/ISA_D/src/agent_core/memory/rag_store.py,e60112a060b1cbf7d0c17e1a3fb9028ebb3dde1d2e35890a32131f44d86ce6ae,2025-09-05T14:50:41.303047+00:00,3954
/Users/frisowempe/ISA_D/src/agent_core/pyproject.toml,7063e28019f9af4ad986a28fed5fb7848266466939383b20dfa5bb9327dc3438,2025-08-31T19:50:10.110691+00:00,329
/Users/frisowempe/ISA_D/src/docs_provider/.DS_Store,7bf0b6f20e04bc8f00521e36186954b39f9536353f03aab7fec67d22b0415273,2025-09-05T16:45:22.351383+00:00,6148
/Users/frisowempe/ISA_D/src/docs_provider/__init__.py,8efd9817ffdbb1e9254f739613396a279a84db8738696779178af44d38cead64,2025-09-05T16:45:11.886692+00:00,65
/Users/frisowempe/ISA_D/src/docs_provider/src/__init__.py,e3b0c44298fc1c149afbf4c8996fb92427ae41e4649b934ca495991b7852b855,2025-09-05T15:09:07.085907+00:00,0
/Users/frisowempe/ISA_D/src/docs_provider/src/docs_provider/__init__.py,e3b0c44298fc1c149afbf4c8996fb92427ae41e4649b934ca495991b7852b855,2025-09-05T15:09:07.085536+00:00,0
/Users/frisowempe/ISA_D/src/docs_provider/src/docs_provider/base.py,8af46a8f675637ced824067a72b2a7456c939b810849c78ac29c03eefc599c0b,2025-09-05T15:08:41.793358+00:00,1215
/Users/frisowempe/ISA_D/src/docs_provider/src/docs_provider/cache.py,fc7d0794120de5ded7be5c479185cb5945c690629cd1669a186240cdfbf59445,2025-09-05T15:08:51.174373+00:00,1985
/Users/frisowempe/ISA_D/src/docs_provider/src/docs_provider/context7.py,4ae6431ca28b39bc336412d8fd70c3cad7b43f2d85d45062d476c96a2e844190,2025-09-05T15:10:58.900903+00:00,3783
/Users/frisowempe/ISA_D/src/docs_provider/tests/test_provider.py,dfef4fb23e7dd231b6eb8f3bb62a16ef5981cd8a84a59bd1a87c0a346ac593d8,2025-09-05T15:22:41.988503+00:00,1748
/Users/frisowempe/ISA_D/src/dspy/README.md,2debb93aaea240fef6dbfc4aba404e8d40570cbe38e75b3ba46457da0941c0cd,2025-09-02T04:14:04.021725+00:00,218
/Users/frisowempe/ISA_D/src/dspy/pyproject.toml,b12a22267430ba39c2dd6f8700bc90e193fe370728bf050da3e7a94b175b38ba,2025-09-02T04:33:18.432421+00:00,363
/Users/frisowempe/ISA_D/src/dspy/src/dspy_modules/__init__.py,4fd4838addc3a7c8a4eb7fa33ffb25c7ee0429dd2295ebd385facf747f8665af,2025-09-02T04:14:10.070143+00:00,51
/Users/frisowempe/ISA_D/src/dspy/src/dspy_modules/modules.py,ebc4e4e27ec4b93df08548bd850944bf7b537ab08f9294f4e0adaf8ee25fb4ac,2025-09-02T04:14:17.659114+00:00,354
/Users/frisowempe/ISA_D/src/dspy/tests/conftest.py,7677add8a4df50c933ef918606dbea988ffec642248909b7bdac709c532b862e,2025-09-02T04:16:51.623892+00:00,158
/Users/frisowempe/ISA_D/src/dspy/tests/test_dspy_stub.py,84d7fdd371ead88300ab80d3934c9cf7b607a7c65dcfb376b58483ffd7f71904,2025-09-02T04:14:23.789469+00:00,204
/Users/frisowempe/ISA_D/src/llm/README.md,9cf7255ccd82c9ab8c389499c94bac6c794d9a7c6416c9880538364df8ddd29d,2025-09-02T04:13:18.107335+00:00,190
/Users/frisowempe/ISA_D/src/llm/pyproject.toml,8c18820938e79330ee213324e385079414960ccda40dbad9822437de3c44b2cf,2025-09-02T04:33:08.069285+00:00,360
/Users/frisowempe/ISA_D/src/llm/src/llm_runtime/__init__.py,3b170a980b639ff7a5b5a40556168ab428398b36014c291ad09a1e245b5f62bf,2025-09-02T04:13:31.981657+00:00,87
/Users/frisowempe/ISA_D/src/llm/src/llm_runtime/runtime.py,354f995789c92faf80f4354cb3cac419b395b076dd2062d76697b2482c39f96b,2025-09-02T04:13:46.106385+00:00,1118
/Users/frisowempe/ISA_D/src/llm/tests/conftest.py,e1ab989af5dc710a41be2ce63a8403909d08cbb9f780a2c5b1482638d010c7d6,2025-09-02T04:16:43.498480+00:00,157
/Users/frisowempe/ISA_D/src/llm/tests/test_parity.py,59f95c8678f7dfbf05bdca105115378d81dbb24279263033f05bd14a385a7618,2025-09-02T04:13:57.479379+00:00,479
/Users/frisowempe/ISA_D/src/orchestrator/.DS_Store,033528bfb343a41ad1f30b2c62e1033b2e1ef94cccc7811067d2be72d16aa1e4,2025-09-05T14:51:09.159857+00:00,6148
/Users/frisowempe/ISA_D/src/orchestrator/.pytest_cache/.gitignore,3ed731b65d06150c138e2dadb0be0697550888a6b47eb8c45ecc9adba8b8e9bd,2025-09-02T07:24:13.126094+00:00,37
/Users/frisowempe/ISA_D/src/orchestrator/.pytest_cache/CACHEDIR.TAG,37dc88ef9a0abeddbe81053a6dd8fdfb13afb613045ea1eb4a5c815a74a3bde4,2025-09-02T07:24:13.126188+00:00,191
/Users/frisowempe/ISA_D/src/orchestrator/.pytest_cache/README.md,73fd6fccdd802c419a6b2d983d6c3173b7da97558ac4b589edec2dfe443db9ad,2025-09-02T07:24:13.125935+00:00,302
/Users/frisowempe/ISA_D/src/orchestrator/.pytest_cache/v/cache/nodeids,69eff6809110de26d0cdd6d3fd38fa03c1e3893c6fed1e3cc56a451c6a76c01f,2025-09-02T07:24:13.126627+00:00,124
/Users/frisowempe/ISA_D/src/orchestrator/README.md,f489fca30789ecbbfe1f24a9cb243457be76d35afbc8eae6d6b5ef82a10695d4,2025-09-02T04:12:41.644306+00:00,231
/Users/frisowempe/ISA_D/src/orchestrator/__init__.py,8efd9817ffdbb1e9254f739613396a279a84db8738696779178af44d38cead64,2025-09-05T16:45:11.120818+00:00,65
/Users/frisowempe/ISA_D/src/orchestrator/pyproject.toml,81b3db49e649df3383255c74ed860f9e7d5db35a4a626e29ef53090562070339,2025-09-02T04:32:57.999169+00:00,363
/Users/frisowempe/ISA_D/src/orchestrator/research_graph.py,2ca2a1b08b50a28e0469a133fd5270a0fa75efdfc3f05de7b3a8c319e25e25d6,2025-09-05T16:50:33.500741+00:00,2412
/Users/frisowempe/ISA_D/src/orchestrator/src/orchestrator/__init__.py,81a599005b785e75263070408f555a3b32a9071169ec0d0e8f54b5ef3fe66efc,2025-09-02T05:34:21.471869+00:00,124
/Users/frisowempe/ISA_D/src/orchestrator/src/orchestrator/graph.py,2b1d36eb07d5c03ff6988556e607cb98c9395226cd9f53e8a0aad41195359ea7,2025-09-02T04:13:00.746372+00:00,898
/Users/frisowempe/ISA_D/src/orchestrator/src/orchestrator/langgraph_graph.py,544927de74bedf38d2486f569c93e845eedba839617dd0d40e02a21d12195bd4,2025-09-02T05:38:14.420949+00:00,1923
/Users/frisowempe/ISA_D/src/orchestrator/tests/conftest.py,400140991fa48eb3cfe193c3bd187c660af08c2dbba144a3baa0b250546e67ae,2025-09-02T04:16:34.962981+00:00,176
/Users/frisowempe/ISA_D/src/orchestrator/tests/test_graph.py,0d71456baa101dc0bddec832728a13b294c33b77700e67ebc91bf01174c04bc0,2025-09-02T04:13:10.722775+00:00,367
/Users/frisowempe/ISA_D/src/orchestrator/tests/test_langgraph_graph.py,fc3454f7f246e8689c924386c7e9f514a938d0bd5f20a1e27be758e59ee47cd5,2025-09-02T05:34:43.810623+00:00,215
/Users/frisowempe/ISA_D/src/tools/.DS_Store,3024c953f7d440bbae8991f74a4a5bdbcc0a2b230b412d53a7e8ccba4e676138,2025-09-05T16:45:17.289339+00:00,6148
/Users/frisowempe/ISA_D/src/tools/__init__.py,8efd9817ffdbb1e9254f739613396a279a84db8738696779178af44d38cead64,2025-09-05T16:45:11.120911+00:00,65
/Users/frisowempe/ISA_D/src/tools/web_research.py,654327ba6f276d1f02480461d4554c6937d6ee854a9e5b18a904a81234a06930,2025-09-05T14:50:21.001770+00:00,4715
/Users/frisowempe/ISA_D/storage/index.json,1cdda6caf919710fe93d6845faffc667611d54e8d06adb543b70c7de584c7097,2025-09-02T08:04:57.740945+00:00,401
/Users/frisowempe/ISA_D/tmp_index.json,01b8d77e5b36b1254cc627f9230cc418c42b7a5c85697dd24f0048ba5dde495f,2025-09-02T08:04:57.745430+00:00,853
/Users/frisowempe/ISA_D/tmp_mem.json,52a994c132f73a878c1a1d1783c40b39af3cf261986f5e4d0aeb67cd9c404d57,2025-09-02T08:04:57.737826+00:00,177
/Users/frisowempe/ISA_D/traceability_matrix.csv,033c894571757c1a91c2c858e5cc7dae27c4a43023e576a0182449f0e55487ed,2025-09-05T15:26:29.915683+00:00,592
