source_file,line,text
/Users/frisowempe/ISA_D/QUALITY_SCORECARD.md,9,- Maintainability: 80 — Type-check clean on app; ruff enforced; modular memory router.
/Users/frisowempe/ISA_D/QUALITY_SCORECARD.md,15,- Improve coverage and mutation testing; add perf budgets on hot paths; expand security gates to enforced after stability.
/Users/frisowempe/ISA_D/gemini.md,10,"1.  **Adhere to General Policies**: You must follow all principles, roles (Planner, Builder, Verifier, Critic), and safety mechanisms defined in the primary agent guide: `docs/agents/AGENTS.md`. That document is your foundational set of rules."
/Users/frisowempe/ISA_D/gemini.md,24,"6.  **The Verifier Mandate**: After making changes (e.g., `write_file`, `replace`), you **must** run the `make full-audit` command. You will then read the `Rule Confidence` score from `docs/audit/audit_report.md`. If the score has decreased or is below 90%, you must report it and prioritize fixing the regressions or gaps you introduced before proceeding with new tasks."
/Users/frisowempe/ISA_D/docs/RESEARCH_KNOWLEDGE_GAPS.md,41,"21. CI gating: Advisory→enforced cadence, time budgets, flaky quarantine; pytest‑xdist impact on stability/speed?"
/Users/frisowempe/ISA_D/docs/RESEARCH_KNOWLEDGE_GAPS.md,237,- Determinism likely needs orjson + explicit newline/encoding policies; cross‑OS tests required.
/Users/frisowempe/ISA_D/docs/RESEARCH_KNOWLEDGE_GAPS.md,239,- Polars/DuckDB promising for heavy joins; integration cost must be balanced with maintainability.
/Users/frisowempe/ISA_D/docs/VECTOR_STORE_SCHEMA.md,10,- Changing the embedding model invalidates existing vectors; migrations must be recorded in `docs/CHANGELOG.md` and accompanied by reindexing guidance.
/Users/frisowempe/ISA_D/docs/VECTOR_STORE_SCHEMA.md,21,Each vector entry MUST include the following metadata fields (example JSON schema snippet):
/Users/frisowempe/ISA_D/docs/VECTOR_STORE_SCHEMA.md,37,- Every ingestion run must produce a manifest (JSON) linking `document_id` → source URI → ingestion timestamp → digest of raw document.
/Users/frisowempe/ISA_D/docs/RESEARCH_OPERATIONS.md,16,10) Promotion & Retirement: Promote to PR‑CI only if passing thresholds for 7 consecutive days; periodically review and retire low‑value integrations.
/Users/frisowempe/ISA_D/docs/AI_AGENT_ONBOARDING.md,7,All AI agents *must* internalize and strictly adhere to the core principles and policies outlined in:
/Users/frisowempe/ISA_D/docs/AI_AGENT_ONBOARDING.md,33,"*   The project maintains a comprehensive index of its codebase. Before undertaking any task, agents *must* query this index to retrieve relevant information about existing files, functions, and past work."
/Users/frisowempe/ISA_D/docs/AGENTIC_ARCHITECTURE.md,17,- Ephemeral branches; auto-merge only if CI fully green.
/Users/frisowempe/ISA_D/docs/AGENTIC_ARCHITECTURE.md,22,"- Append-only JSONL for events (plan, action, result, reward, memory store/retrieve) via `MemoryEventLogger` (agent/memory/memory_log.jsonl). Snapshot uploaded in CI."
/Users/frisowempe/ISA_D/docs/AGENTIC_ARCHITECTURE.md,43,- T0: Read-only advice (default).
/Users/frisowempe/ISA_D/docs/AGENTIC_ARCHITECTURE.md,50,"- When blocked by missing context, the agent researches (search index, docs, code, tests) and continues; only then, if truly ambiguous, request minimal clarification."
/Users/frisowempe/ISA_D/docs/AGENTIC_ARCHITECTURE.md,59,- Coverage ≥90% core; type errors 0 on target modules; determinism enforced.
/Users/frisowempe/ISA_D/docs/AGENTIC_ARCHITECTURE.md,66,- Autonomy: all edits land on branches; T2 auto-merge only with fully green CI and within defined policy scope.
/Users/frisowempe/ISA_D/docs/AGENTIC_ARCHITECTURE.md,69,"- Stability counters: each gate (tests, coverage, mypy, semgrep, determinism) increments a ""green day"" on successful runs. After ≥7 consecutive greens, the gate flips from advisory → enforced."
/Users/frisowempe/ISA_D/docs/AGENTIC_ARCHITECTURE.md,80,Kill-Switch & Rollback Triggers
/Users/frisowempe/ISA_D/docs/AGENTIC_ARCHITECTURE.md,88,- docs/QUALITY_METHODS.md — quality and gate policies (incl. orchestrator-only guard via `ISA_FORBID_DIRECT_LLM`)
/Users/frisowempe/ISA_D/docs/ULTIMATE_PLAN.md,11,"- [x] Define toolchain and policies (uv, ruff, mypy, pytest, semgrep, bandit, pip-audit, gitleaks, trivy)"
/Users/frisowempe/ISA_D/docs/ULTIMATE_PLAN.md,12,- [x] Create ADR stubs for tooling and safety
/Users/frisowempe/ISA_D/docs/ULTIMATE_PLAN.md,13,- [ ] Document reward model and autonomy tiers
/Users/frisowempe/ISA_D/docs/ULTIMATE_PLAN.md,14,Acceptance:
/Users/frisowempe/ISA_D/docs/ULTIMATE_PLAN.md,15,- Clear ADRs exist for tooling and safety with owners and rationale.
/Users/frisowempe/ISA_D/docs/ULTIMATE_PLAN.md,16,- Reward model draft includes positive/negative signals and normalization.
/Users/frisowempe/ISA_D/docs/ULTIMATE_PLAN.md,18,2) Monorepo Unification (Plan Only in this commit)
/Users/frisowempe/ISA_D/docs/ULTIMATE_PLAN.md,19,"- [ ] Target layout defined: apps/superapp, packages/isa_c_full, packages/isa_c_mapping, packages/agent_core, artifacts, infra, docs"
/Users/frisowempe/ISA_D/docs/ULTIMATE_PLAN.md,20,- [ ] Migration map from current folders to targets
/Users/frisowempe/ISA_D/docs/ULTIMATE_PLAN.md,21,- [ ] Root README and CONTRIBUTING outline the structure
/Users/frisowempe/ISA_D/docs/ULTIMATE_PLAN.md,22,Acceptance:
/Users/frisowempe/ISA_D/docs/ULTIMATE_PLAN.md,23,- Migration document lists every move and import change.
/Users/frisowempe/ISA_D/docs/ULTIMATE_PLAN.md,24,- Superapp runs smoke test post-migration.
/Users/frisowempe/ISA_D/docs/ULTIMATE_PLAN.md,27,- [ ] Root pyproject for shared tool config (no package build yet)
/Users/frisowempe/ISA_D/docs/ULTIMATE_PLAN.md,28,- [ ] uv lock strategy and constraints policy documented
/Users/frisowempe/ISA_D/docs/ULTIMATE_PLAN.md,29,- [ ] Deps report script planned (not executed here)
/Users/frisowempe/ISA_D/docs/ULTIMATE_PLAN.md,30,Acceptance:
/Users/frisowempe/ISA_D/docs/ULTIMATE_PLAN.md,31,- One authoritative lock tool and constraints policy; no duplicate managers.
/Users/frisowempe/ISA_D/docs/ULTIMATE_PLAN.md,34,- [x] Consolidate on ruff for lint+format in CI
/Users/frisowempe/ISA_D/docs/ULTIMATE_PLAN.md,35,- [x] Pre-commit hooks planned with ruff and mypy
/Users/frisowempe/ISA_D/docs/ULTIMATE_PLAN.md,36,- [ ] Enforce formatting in CI on PRs
/Users/frisowempe/ISA_D/docs/ULTIMATE_PLAN.md,37,Acceptance:
/Users/frisowempe/ISA_D/docs/ULTIMATE_PLAN.md,38,- `ruff check` and `ruff format --check` pass on default branch.
/Users/frisowempe/ISA_D/docs/ULTIMATE_PLAN.md,41,- [ ] mypy gate (strict on libraries) configured in CI
/Users/frisowempe/ISA_D/docs/ULTIMATE_PLAN.md,42,- [ ] Type coverage metric collected in CI
/Users/frisowempe/ISA_D/docs/ULTIMATE_PLAN.md,43,- [ ] JSON Schemas for agent traces and plans planned
/Users/frisowempe/ISA_D/docs/ULTIMATE_PLAN.md,44,Acceptance:
/Users/frisowempe/ISA_D/docs/ULTIMATE_PLAN.md,45,- mypy runs in CI; type coverage threshold recorded.
/Users/frisowempe/ISA_D/docs/ULTIMATE_PLAN.md,48,- [ ] Unit/integration/property tests run on PRs
/Users/frisowempe/ISA_D/docs/ULTIMATE_PLAN.md,49,- [ ] Mutation/fuzz/benchmarks scheduled nightly
/Users/frisowempe/ISA_D/docs/ULTIMATE_PLAN.md,50,- [ ] CrossHair targeted weekly (pure mappers)
/Users/frisowempe/ISA_D/docs/ULTIMATE_PLAN.md,51,Acceptance:
/Users/frisowempe/ISA_D/docs/ULTIMATE_PLAN.md,52,"- Coverage >= 90% gate (core), nightly mutation score >= 70% reported."
/Users/frisowempe/ISA_D/docs/ULTIMATE_PLAN.md,55,- [ ] Mapping matrix generation job planned (CSV/HTML)
/Users/frisowempe/ISA_D/docs/ULTIMATE_PLAN.md,56,- [ ] CI check for gaps/collisions planned
/Users/frisowempe/ISA_D/docs/ULTIMATE_PLAN.md,57,Acceptance:
/Users/frisowempe/ISA_D/docs/ULTIMATE_PLAN.md,58,- No critical unmapped fields without waiver.
/Users/frisowempe/ISA_D/docs/ULTIMATE_PLAN.md,61,- [ ] Canonical JSON writer policy documented
/Users/frisowempe/ISA_D/docs/ULTIMATE_PLAN.md,62,- [ ] Snapshot tests policy documented
/Users/frisowempe/ISA_D/docs/ULTIMATE_PLAN.md,63,Acceptance:
/Users/frisowempe/ISA_D/docs/ULTIMATE_PLAN.md,64,- Byte-for-byte stable snapshots for canonical outputs.
/Users/frisowempe/ISA_D/docs/ULTIMATE_PLAN.md,67,- [ ] Baseline profiling job planned (cProfile/py-spy)
/Users/frisowempe/ISA_D/docs/ULTIMATE_PLAN.md,68,- [ ] Perf budgets in CI (regression guard) planned
/Users/frisowempe/ISA_D/docs/ULTIMATE_PLAN.md,69,- [ ] Parallel runner & content-hash cache planned
/Users/frisowempe/ISA_D/docs/ULTIMATE_PLAN.md,70,Acceptance:
/Users/frisowempe/ISA_D/docs/ULTIMATE_PLAN.md,71,- >=30% target speedup on workload; CI fails on budget regressions.
/Users/frisowempe/ISA_D/docs/ULTIMATE_PLAN.md,74,- [ ] Structured logging schema plan (correlation IDs)
/Users/frisowempe/ISA_D/docs/ULTIMATE_PLAN.md,75,- [ ] Prometheus metrics and Grafana dashboard plan
/Users/frisowempe/ISA_D/docs/ULTIMATE_PLAN.md,76,Acceptance:
/Users/frisowempe/ISA_D/docs/ULTIMATE_PLAN.md,77,"- Metrics for throughput, latency, error classes; dashboard JSON stored."
/Users/frisowempe/ISA_D/docs/ULTIMATE_PLAN.md,80,"- [x] SAST/SCA tools selected (bandit, pip-audit, gitleaks, trivy)"
/Users/frisowempe/ISA_D/docs/ULTIMATE_PLAN.md,81,- [ ] SBOM generation scheduled in CI (syft)
/Users/frisowempe/ISA_D/docs/ULTIMATE_PLAN.md,82,- [ ] OpenSSF Scorecard job planned
/Users/frisowempe/ISA_D/docs/ULTIMATE_PLAN.md,83,Acceptance:
/Users/frisowempe/ISA_D/docs/ULTIMATE_PLAN.md,84,- No high/critical findings; SBOM artifact per release.
/Users/frisowempe/ISA_D/docs/ULTIMATE_PLAN.md,87,- [x] PR CI workflow skeleton added
/Users/frisowempe/ISA_D/docs/ULTIMATE_PLAN.md,88,- [x] Nightly/weekly jobs skeletons added
/Users/frisowempe/ISA_D/docs/ULTIMATE_PLAN.md,89,- [ ] Release workflow and changelog automation planned
/Users/frisowempe/ISA_D/docs/ULTIMATE_PLAN.md,90,Acceptance:
/Users/frisowempe/ISA_D/docs/ULTIMATE_PLAN.md,91,- CI green on default; scheduled jobs publish artifacts.
/Users/frisowempe/ISA_D/docs/ULTIMATE_PLAN.md,94,- [ ] Makefile (root) stubs with agent-aware tasks planned
/Users/frisowempe/ISA_D/docs/ULTIMATE_PLAN.md,95,- [ ] Devcontainer and VS Code tasks planned
/Users/frisowempe/ISA_D/docs/ULTIMATE_PLAN.md,96,Acceptance:
/Users/frisowempe/ISA_D/docs/ULTIMATE_PLAN.md,97,- New dev can run one-command demo and CI dry run in <=5 minutes.
/Users/frisowempe/ISA_D/docs/ULTIMATE_PLAN.md,100,- [ ] Expectation suites plan (Great Expectations or pydantic-core)
/Users/frisowempe/ISA_D/docs/ULTIMATE_PLAN.md,101,- [ ] CI gate on data quality planned
/Users/frisowempe/ISA_D/docs/ULTIMATE_PLAN.md,102,Acceptance:
/Users/frisowempe/ISA_D/docs/ULTIMATE_PLAN.md,103,- >=99% pass for critical expectations.
/Users/frisowempe/ISA_D/docs/ULTIMATE_PLAN.md,106,- [ ] Wheel packaging plan for packages/isa_c_full and packages/isa_c_mapping
/Users/frisowempe/ISA_D/docs/ULTIMATE_PLAN.md,107,"- [ ] Docker image plan for apps/superapp (non-root, healthcheck)"
/Users/frisowempe/ISA_D/docs/ULTIMATE_PLAN.md,108,Acceptance:
/Users/frisowempe/ISA_D/docs/ULTIMATE_PLAN.md,109,- docker compose demo brings up end-to-end stack.
/Users/frisowempe/ISA_D/docs/ULTIMATE_PLAN.md,112,"- [x] Document planner, builder, verifier, critic, reward aggregator, meta-learner"
/Users/frisowempe/ISA_D/docs/ULTIMATE_PLAN.md,113,"- [x] Policy engine and safety guardrails (allowlists, rate limits) documented"
/Users/frisowempe/ISA_D/docs/ULTIMATE_PLAN.md,114,- [ ] Autonomy tiers and promotion gates documented
/Users/frisowempe/ISA_D/docs/ULTIMATE_PLAN.md,115,Acceptance:
/Users/frisowempe/ISA_D/docs/ULTIMATE_PLAN.md,116,- Policies and autonomy tiers are explicit; kill-switch defined.
/Users/frisowempe/ISA_D/docs/ULTIMATE_PLAN.md,119,- [x] Initial reward model outlined
/Users/frisowempe/ISA_D/docs/ULTIMATE_PLAN.md,120,- [ ] Bandit strategy set enumerated and evaluators planned
/Users/frisowempe/ISA_D/docs/ULTIMATE_PLAN.md,121,- [ ] Replay log schema defined (JSONL)
/Users/frisowempe/ISA_D/docs/ULTIMATE_PLAN.md,122,Acceptance:
/Users/frisowempe/ISA_D/docs/ULTIMATE_PLAN.md,123,- Agent eval win-rate targets defined; logs schema validated.
/Users/frisowempe/ISA_D/docs/ULTIMATE_PLAN.md,126,"- [ ] SLOs for agent success, revert rate, latency"
/Users/frisowempe/ISA_D/docs/ULTIMATE_PLAN.md,127,- [ ] Alert routes (Slack/PagerDuty) planned
/Users/frisowempe/ISA_D/docs/ULTIMATE_PLAN.md,128,Acceptance:
/Users/frisowempe/ISA_D/docs/ULTIMATE_PLAN.md,129,- Alert tests pass in CI; burn-rate panels configured.
/Users/frisowempe/ISA_D/docs/ULTIMATE_PLAN.md,132,- [ ] Tiered autonomy rollout (T0→T2) with gates
/Users/frisowempe/ISA_D/docs/ULTIMATE_PLAN.md,133,- [ ] Rollback playbooks and repro pack policy
/Users/frisowempe/ISA_D/docs/ULTIMATE_PLAN.md,134,Acceptance:
/Users/frisowempe/ISA_D/docs/ULTIMATE_PLAN.md,135,- Post-merge reverts <1% 30-day rolling; repro packs attached on failures.
/Users/frisowempe/ISA_D/docs/ULTIMATE_PLAN.md,138,- [ ] Adapter abstraction for LLM/tooling (DeepSeek-ready)
/Users/frisowempe/ISA_D/docs/ULTIMATE_PLAN.md,139,- [ ] Parity tests for plan/diff consistency across engines
/Users/frisowempe/ISA_D/docs/ULTIMATE_PLAN.md,140,Acceptance:
/Users/frisowempe/ISA_D/docs/ULTIMATE_PLAN.md,141,- No regression in eval win-rate when switching engines.
/Users/frisowempe/ISA_D/docs/ULTIMATE_PLAN.md,148,- Perf: ≥30% speedup; CI perf budgets enforced
/Users/frisowempe/ISA_D/docs/AI_PROJECT_CHARTER.md,51,- **Data Privacy:** PII must not be persisted in model training artifacts; incoming queries with PII must be redacted before long-term logging. Owner: Data Steward.
/Users/frisowempe/ISA_D/docs/AI_PROJECT_CHARTER.md,53,- **Explainability & Provenance:** All generated answers must include source citations and provenance metadata; models and indexes must be versioned.
/Users/frisowempe/ISA_D/docs/AI_PROJECT_CHARTER.md,88,- Data Privacy: PII must not be persisted in model training artifacts; incoming queries with PII are redacted prior to long-term logging. Owner: Data Steward.
/Users/frisowempe/ISA_D/docs/AI_PROJECT_CHARTER.md,90,"- Explainability: All generated answers must include source citations and, where appropriate, confidence/limitations notes."
/Users/frisowempe/ISA_D/docs/AI_PROJECT_CHARTER.md,91,"- Misuse Risk: The system must surface ""not legal advice"" disclaimers for compliance/legal topics and provide links to primary sources."
/Users/frisowempe/ISA_D/docs/RESEARCH_CAPABILITIES.md,51,- Default to offline/test fixtures in PR CI; allow live network in nightly for approved domains/workflows only.
/Users/frisowempe/ISA_D/docs/TODO_NeSy.md,11,- [ ] Create `nesy` adapters package layout (no heavy deps): `ISA_SuperApp/src/nesy/`
/Users/frisowempe/ISA_D/docs/TODO_NeSy.md,12,"- [ ] Define common `NeSyAdapter` interface (predict(), explain(), metadata())"
/Users/frisowempe/ISA_D/docs/TODO_NeSy.md,13,"- [ ] Add feature flags in config: `NESY_{ESG_BERT,LNN,SENTICNET,ESGSENTICNET,DEPPROB,NEURASP,DON}`"
/Users/frisowempe/ISA_D/docs/TODO_NeSy.md,14,- [ ] Seed evaluation dataset for gaps (labeled) under `artifacts/nesy_eval/`
/Users/frisowempe/ISA_D/docs/TODO_NeSy.md,15,"- [ ] Eval harness: precision/recall/F1, latency, cost per adapter; JSONL report"
/Users/frisowempe/ISA_D/docs/TODO_NeSy.md,16,Acceptance:
/Users/frisowempe/ISA_D/docs/TODO_NeSy.md,17,- Adapters implement the interface; flags are typed and documented; eval harness runs locally and in nightly CI.
/Users/frisowempe/ISA_D/docs/TODO_NeSy.md,20,- [ ] Adapter stub wrapping model API or local weights
/Users/frisowempe/ISA_D/docs/TODO_NeSy.md,21,- [ ] Symbolic materiality/rule layer (simple Python rules)
/Users/frisowempe/ISA_D/docs/TODO_NeSy.md,22,- [ ] Unit + integration tests with goldens and explanations
/Users/frisowempe/ISA_D/docs/TODO_NeSy.md,23,- [ ] CI job: run adapter on small sample (advisory report)
/Users/frisowempe/ISA_D/docs/TODO_NeSy.md,24,Acceptance:
/Users/frisowempe/ISA_D/docs/TODO_NeSy.md,25,- ≥10% precision/recall lift vs. baseline keyword rules on eval set; explanations pass reviewer spot-checks (≥80% acceptance).
/Users/frisowempe/ISA_D/docs/TODO_NeSy.md,29,- [x] LNN integration module and deterministic validator endpoint `/validate`
/Users/frisowempe/ISA_D/docs/TODO_NeSy.md,30,- [x] Tests with seeded violations; zero false positives on green data
/Users/frisowempe/ISA_D/docs/TODO_NeSy.md,31,- [ ] Wire into PR CI (gate when stable)
/Users/frisowempe/ISA_D/docs/TODO_NeSy.md,32,Acceptance:
/Users/frisowempe/ISA_D/docs/TODO_NeSy.md,33,- Catches 100% seeded violations; 0 FPs on clean fixtures; adds <5% to CI time.
/Users/frisowempe/ISA_D/docs/TODO_NeSy.md,36,- [ ] REST client with retries and caching; rate-limit guards
/Users/frisowempe/ISA_D/docs/TODO_NeSy.md,37,- [ ] Dedupe/precision filters; reviewer queue integration
/Users/frisowempe/ISA_D/docs/TODO_NeSy.md,38,- [ ] Nightly advisory report of top N candidate attributes per sector
/Users/frisowempe/ISA_D/docs/TODO_NeSy.md,39,Acceptance:
/Users/frisowempe/ISA_D/docs/TODO_NeSy.md,40,- ≥5 high‑value candidates/sector with <10% spam; budget respected.
/Users/frisowempe/ISA_D/docs/TODO_NeSy.md,43,- [ ] Verify availability/licensing and API/schema stability
/Users/frisowempe/ISA_D/docs/TODO_NeSy.md,44,- [ ] Adapter + A/B vs. ESG‑BERT; confidence thresholds
/Users/frisowempe/ISA_D/docs/TODO_NeSy.md,45,"- [ ] Nightly eval, shadow mode only"
/Users/frisowempe/ISA_D/docs/TODO_NeSy.md,46,Acceptance:
/Users/frisowempe/ISA_D/docs/TODO_NeSy.md,47,- Beats ESG‑BERT on recall without >1.5× false positives; cost within cap.
/Users/frisowempe/ISA_D/docs/TODO_NeSy.md,50,- [ ] Define one focused question: P(audit pass | evidence)
/Users/frisowempe/ISA_D/docs/TODO_NeSy.md,51,- [ ] Micro‑module or service; training data prep; calibration check
/Users/frisowempe/ISA_D/docs/TODO_NeSy.md,52,- [ ] Nightly advisory probability outputs for reviewer feedback
/Users/frisowempe/ISA_D/docs/TODO_NeSy.md,53,Acceptance:
/Users/frisowempe/ISA_D/docs/TODO_NeSy.md,54,- Calibrated probabilities (Brier score improvement vs. naive baseline) on ≥20 cases.
/Users/frisowempe/ISA_D/docs/TODO_NeSy.md,57,- [ ] Map our JSON outputs to Spectrum widgets; no vendor‑locked logic
/Users/frisowempe/ISA_D/docs/TODO_NeSy.md,58,- [ ] Demo dashboard; export JSON for parity with SuperApp UI
/Users/frisowempe/ISA_D/docs/TODO_NeSy.md,59,Acceptance:
/Users/frisowempe/ISA_D/docs/TODO_NeSy.md,60,- Pilot demo loads in <5 minutes; identical insights render in SuperApp.
/Users/frisowempe/ISA_D/docs/TODO_NeSy.md,63,- [ ] What‑if simulation prototype for one attribute set
/Users/frisowempe/ISA_D/docs/TODO_NeSy.md,64,- [ ] Correlate with historical adoption; offline only
/Users/frisowempe/ISA_D/docs/TODO_NeSy.md,65,Acceptance:
/Users/frisowempe/ISA_D/docs/TODO_NeSy.md,66,- Produces plausible deltas that correlate with outcomes on a holdout.
/Users/frisowempe/ISA_D/docs/TODO_NeSy.md,69,- [ ] Offline prototype for cross‑sector mapping suggestions
/Users/frisowempe/ISA_D/docs/TODO_NeSy.md,70,- [ ] SME validation workflow; export explainable rules
/Users/frisowempe/ISA_D/docs/TODO_NeSy.md,71,Acceptance:
/Users/frisowempe/ISA_D/docs/TODO_NeSy.md,72,- Validated explainable mappings outperform simple heuristics on a sample.
/Users/frisowempe/ISA_D/docs/TODO_NeSy.md,75,- [ ] All adapters behind feature flags; default OFF in PR CI
/Users/frisowempe/ISA_D/docs/TODO_NeSy.md,76,- [ ] A/B by default (shadow mode); promote only with eval wins and SME sign‑off
/Users/frisowempe/ISA_D/docs/TODO_NeSy.md,77,- [ ] External API budgets and caching; fail closed on rate limits
/Users/frisowempe/ISA_D/docs/TODO_NeSy.md,78,Acceptance:
/Users/frisowempe/ISA_D/docs/TODO_NeSy.md,79,- No PR CI failures due to external API; reproducible nightly reports.
/Users/frisowempe/ISA_D/docs/TODO_NeSy.md,82,"- [ ] Eval metrics: P/R/F1, latency P95, cost/sample, explanation acceptance"
/Users/frisowempe/ISA_D/docs/TODO_NeSy.md,83,- [ ] Nightly trend dashboards (JSON → Grafana via pushgateway or artifact review)
/Users/frisowempe/ISA_D/docs/TODO_NeSy.md,84,- [ ] Promotion checklist per adapter (criteria + SME sign‑off)
/Users/frisowempe/ISA_D/docs/TODO_NeSy.md,85,Acceptance:
/Users/frisowempe/ISA_D/docs/TODO_NeSy.md,86,- Promotion occurs only when metrics meet thresholds for 7 consecutive days.
/Users/frisowempe/ISA_D/docs/TODO_NeSy.md,89,"- [ ] `docs/nesy/overview.md` (architecture, adapters, flags, evals)"
/Users/frisowempe/ISA_D/docs/TODO_NeSy.md,90,- [ ] `docs/nesy/adapters/*.md` per adapter with inputs/outputs/schemas
/Users/frisowempe/ISA_D/docs/TODO_NeSy.md,91,- [ ] Playbook for adding a new NeSy component
/Users/frisowempe/ISA_D/docs/TODO_NeSy.md,92,Acceptance:
/Users/frisowempe/ISA_D/docs/TODO_NeSy.md,93,- A new engineer can add an adapter and run evals in ≤60 minutes.
/Users/frisowempe/ISA_D/docs/TODO_NeSy.md,96,- [ ] Ensembling: simple rank fusion across ESG‑BERT/ESGSenticNet/SenticNet
/Users/frisowempe/ISA_D/docs/TODO_NeSy.md,97,- [ ] Active learning loop with reviewer feedback to retrain thresholds
/Users/frisowempe/ISA_D/docs/TODO_NeSy.md,98,- [ ] Explanation store and similarity search for reuse across sectors
/Users/frisowempe/ISA_D/docs/TODO.md,11,"- [ ] [CP] Index and research `/Users/frisowempe/ISA_D/Study Librairy` for advanced agentic patterns, safety mechanisms, and learning strategies to enhance our own agent's behavior and instructions."
/Users/frisowempe/ISA_D/docs/TODO.md,12,"- [ ] [CP] Investigate content of `agents-towards-production-main` for reusable patterns, tutorials, and security best practices."
/Users/frisowempe/ISA_D/docs/TODO.md,13,"- [ ] Create docs/RESEARCH_KNOWLEDGE_GAPS.md scaffold with 30 research questions (agentic loops, NeSy, LLMOps, data quality/governance, security/privacy, observability/SRE, performance, UX, CI/CD, DevEx)"
/Users/frisowempe/ISA_D/docs/TODO.md,14,"- [ ] Define evaluation rubric (Impact, Ease of integration, Maturity, Alignment, Cost/FinOps) and scoring worksheet"
/Users/frisowempe/ISA_D/docs/TODO.md,15,"- [ ] Compile candidate tools/services/frameworks/repos with licensing and costs (e.g., agent frameworks, LLM orchestration, data validators, observability, CI tooling)"
/Users/frisowempe/ISA_D/docs/TODO.md,16,- [ ] Prioritize top 10 by score; select 5 for time‑boxed micro‑POCs (≤1 day each)
/Users/frisowempe/ISA_D/docs/TODO.md,17,"- [ ] Run micro‑POCs; capture metrics (accuracy/precision, latency, dev time saved, cost); write concise reports"
/Users/frisowempe/ISA_D/docs/TODO.md,18,- [ ] Decisions: adopt/hold/reject; draft ADRs for adopted items and integrate via adapters/feature flags
/Users/frisowempe/ISA_D/docs/TODO.md,19,- [ ] Update ROADMAP/TODO and backlog with accepted integrations and deprecations
/Users/frisowempe/ISA_D/docs/TODO.md,22,- [x] Refine research questions to v2 with per-question approach (docs/RESEARCH_KNOWLEDGE_GAPS.md)
/Users/frisowempe/ISA_D/docs/TODO.md,23,- [x] Add curated source list (docs/RESEARCH_SOURCES.md) and cross-link from RESEARCH_OPERATIONS.md
/Users/frisowempe/ISA_D/docs/TODO.md,27,"- [ ] Create `docs/AI_PROJECT_CHARTER.md` (scope, RACI, Responsible-AI risk) [owner: eng-lead]"
/Users/frisowempe/ISA_D/docs/TODO.md,29,"- [ ] Create `docs/VECTOR_STORE_SCHEMA.md` (chunking, metadata, provenance) [owner: data-engineer]"
/Users/frisowempe/ISA_D/docs/TODO.md,31,- [ ] Add `docs/model_cards/TEMPLATE.md` and create one example model card for current evaluator [owner: data-science]
/Users/frisowempe/ISA_D/docs/TODO.md,33,- [ ] Add `data/data_catalog.yaml` (machine-readable data source catalog) and link to `VECTOR_STORE_SCHEMA.md` [owner: data-engineer]
/Users/frisowempe/ISA_D/docs/TODO.md,89,- [ ] **Task 1.1: Implement Web Research Toolkit**
/Users/frisowempe/ISA_D/docs/TODO.md,90,- [ ] Create `packages/tools/web_research.py` with a `WebResearchTool` class.
/Users/frisowempe/ISA_D/docs/TODO.md,91,"- [ ] Implement `search`, `read_url` methods using `httpx` and `beautifulsoup4`."
/Users/frisowempe/ISA_D/docs/TODO.md,92,- [ ] Add respect for `robots.txt` and on-disk caching to `storage/cache/web_research/`.
/Users/frisowempe/ISA_D/docs/TODO.md,93,- [ ] **Task 1.2: Implement RAG Memory Store**
/Users/frisowempe/ISA_D/docs/TODO.md,94,- [ ] Create `packages/agent_core/memory/rag_store.py` with a `RAGMemory` class.
/Users/frisowempe/ISA_D/docs/TODO.md,95,- [ ] Integrate `ChromaDB` to store vector embeddings at `storage/vector_store/research_db`.
/Users/frisowempe/ISA_D/docs/TODO.md,96,- [ ] **Task 1.3: Implement `ResearcherAgent`**
/Users/frisowempe/ISA_D/docs/TODO.md,97,- [ ] Create `packages/agent_core/agents/researcher.py`.
/Users/frisowempe/ISA_D/docs/TODO.md,98,- [ ] Implement a ReAct loop that uses the `WebResearchTool` and `RAGMemory`.
/Users/frisowempe/ISA_D/docs/TODO.md,99,- [ ] **Task 1.4: Initial Orchestration**
/Users/frisowempe/ISA_D/docs/TODO.md,100,- [ ] Create `packages/orchestrator/research_graph.py` with a single-node graph for the `ResearcherAgent`.
/Users/frisowempe/ISA_D/docs/TODO.md,101,- [ ] Create `scripts/run_research_mvp.py` to invoke the graph.
/Users/frisowempe/ISA_D/docs/TODO.md,102,- [ ] Add `research-mvp` target to `Makefile`.
/Users/frisowempe/ISA_D/docs/TODO.md,103,- [ ] **Task 1.5: Update Dependencies**
/Users/frisowempe/ISA_D/docs/TODO.md,104,"- [ ] Add `httpx`, `beautifulsoup4`, `chromadb`, `sentence-transformers` to `pyproject.toml`."
/Users/frisowempe/ISA_D/docs/TODO.md,107,- [ ] **Task 2.1: Implement `PlannerAgent` and `SynthesizerAgent`**
/Users/frisowempe/ISA_D/docs/TODO.md,108,- [ ] Create `packages/agent_core/agents/planner.py`.
/Users/frisowempe/ISA_D/docs/TODO.md,109,- [ ] Create `packages/agent_core/agents/synthesizer.py`.
/Users/frisowempe/ISA_D/docs/TODO.md,110,- [ ] **Task 2.2: Evolve Orchestration Graph**
/Users/frisowempe/ISA_D/docs/TODO.md,111,- [ ] Update `research_graph.py` to a 3-node graph (`planner` -> `researcher` -> `synthesizer`).
/Users/frisowempe/ISA_D/docs/TODO.md,112,- [ ] **Task 2.3: Implement Self-Correction**
/Users/frisowempe/ISA_D/docs/TODO.md,113,- [ ] Enhance the `ResearcherAgent`'s prompt to include a self-critique step.
/Users/frisowempe/ISA_D/docs/TODO.md,116,- [ ] **Task 3.1: Create Evaluation Script**
/Users/frisowempe/ISA_D/docs/TODO.md,117,- [ ] Create `scripts/evaluate_research.py` to score the final report's quality.
/Users/frisowempe/ISA_D/docs/TODO.md,118,- [ ] **Task 3.2: Update Makefile**
/Users/frisowempe/ISA_D/docs/TODO.md,119,- [ ] Add `research-run` and `research-eval` targets.
/Users/frisowempe/ISA_D/docs/TODO.md,120,- [ ] **Task 3.3: Create Documentation**
/Users/frisowempe/ISA_D/docs/TODO.md,121,- [ ] Create `docs/agents/RESEARCH_AGENT.md`.
/Users/frisowempe/ISA_D/docs/TODO.md,122,- [ ] Update `docs/AGENTIC_ARCHITECTURE.md` and `gemini.md` to reference the new capability.
/Users/frisowempe/ISA_D/docs/TODO.md,126,"- [x] Create docs/DEFINITION_OF_DONE.md with checklists per change type (code, data, config, docs)"
/Users/frisowempe/ISA_D/docs/TODO.md,127,"- [x] Add PR template referencing DoD and requiring: tests updated, type clean, lint clean, docs updated, determinism verified, perf/security checks passed, rollback noted"
/Users/frisowempe/ISA_D/docs/TODO.md,128,- [ ] CI: add coverage “no-regression” check (coverage must not drop > 0.5% on core); type coverage trend artifact; perf budget guard on marked benchmarks
/Users/frisowempe/ISA_D/docs/TODO.md,129,- [ ] CI: verify CHANGELOG or docs touched for user-facing changes (best-effort)
/Users/frisowempe/ISA_D/docs/TODO.md,134,- [ ] Create ownership map and CODEOWNERS
/Users/frisowempe/ISA_D/docs/TODO.md,135,- [ ] Add TECH_DEBT.md format and review cadence
/Users/frisowempe/ISA_D/docs/TODO.md,136,"- [ ] Record ADRs for major decisions (tooling, safety, autonomy)"
/Users/frisowempe/ISA_D/docs/TODO.md,145,- [ ] Prompt/model registry (versioned prompts; eval harness)
/Users/frisowempe/ISA_D/docs/TODO.md,146,- [ ] Safety filters and red-team tests for prompts
/Users/frisowempe/ISA_D/docs/TODO.md,147,- [ ] Canary and rollback procedures for LLM changes
/Users/frisowempe/ISA_D/docs/TODO.md,151,"- [ ] Approve target layout: apps/superapp, packages/{isa_c_full,isa_c_mapping,agent_core}, artifacts, infra, docs"
/Users/frisowempe/ISA_D/docs/TODO.md,152,- [ ] Write migration map (from current folders to targets)
/Users/frisowempe/ISA_D/docs/TODO.md,156,- [ ] A11y audit (WCAG 2.1 AA) and key fixes in web UI
/Users/frisowempe/ISA_D/docs/TODO.md,157,- [ ] i18n hooks and string externalization policy
/Users/frisowempe/ISA_D/docs/TODO.md,163,"- [ ] Root pyproject with shared tool config (ruff, mypy)"
/Users/frisowempe/ISA_D/docs/TODO.md,167,- [ ] Runbooks for common failures; on-call rotation plan
/Users/frisowempe/ISA_D/docs/TODO.md,169,"- [ ] Backups, restore drills, RPO/RTO targets"
/Users/frisowempe/ISA_D/docs/TODO.md,171,- [ ] Post-incident review template and cadence
/Users/frisowempe/ISA_D/docs/TODO.md,175,- [ ] Choose/lock with uv; define constraints policy
/Users/frisowempe/ISA_D/docs/TODO.md,177,- [ ] Deps report script (graph + unused)
/Users/frisowempe/ISA_D/docs/TODO.md,181,"- [ ] Evaluation criteria and procurement checks (DeepSeek, Weave, SenticNet)"
/Users/frisowempe/ISA_D/docs/TODO.md,191,- [ ] MkDocs site structure; decision log and runbooks
/Users/frisowempe/ISA_D/docs/TODO.md,193,"- [ ] Onboarding: 5-minute quickstart, one-command demo"
/Users/frisowempe/ISA_D/docs/TODO.md,195,- [ ] Architecture diagrams (current/target) updated per milestone
/Users/frisowempe/ISA_D/docs/TODO.md,201,- [x] Ruff for lint+format+imports (CI enforced)
/Users/frisowempe/ISA_D/docs/TODO.md,205,- [x] CODEOWNERS added (granular)
/Users/frisowempe/ISA_D/docs/TODO.md,207,- [x] Issue templates (bug/feature) added
/Users/frisowempe/ISA_D/docs/TODO.md,209,- [x] SECURITY.md policy present
/Users/frisowempe/ISA_D/docs/TODO.md,211,- [x] Dependabot for pip (app) and GitHub Actions
/Users/frisowempe/ISA_D/docs/TODO.md,215,- [ ] Pre-commit ruff hooks installed project-wide
/Users/frisowempe/ISA_D/docs/TODO.md,217,- [ ] Remove redundant formatters from CI (black/isort)
/Users/frisowempe/ISA_D/docs/TODO.md,221,- [x] .coveragerc added to omit tests and stdlib; branch coverage enabled
/Users/frisowempe/ISA_D/docs/TODO.md,222,- [x] Combined coverage across app + packages (XML) uploaded per PR
/Users/frisowempe/ISA_D/docs/TODO.md,223,- [x] Combined coverage baseline saved on main; advisory no-regression check
/Users/frisowempe/ISA_D/docs/TODO.md,225,- Acceptance: Coverage trends meaningful; ready to promote to enforced gate once stable.
/Users/frisowempe/ISA_D/docs/TODO.md,233,"- [ ] Add research toolkit: `httpx`/`requests` with retry/backoff, timeout, structured logging"
/Users/frisowempe/ISA_D/docs/TODO.md,234,"- [ ] Robots/Politeness: parse robots.txt, set `User-Agent`, enforce crawl-delay, rate-limit + concurrency guard"
/Users/frisowempe/ISA_D/docs/TODO.md,235,"- [ ] Extractors: `beautifulsoup4`/`lxml` content extraction (readability-like), boilerplate removal, encoding normalization (UTF‑8)"
/Users/frisowempe/ISA_D/docs/TODO.md,236,- [ ] Dynamic sites (optional): Playwright-driven fetch behind a feature flag; default OFF in CI and PRs
/Users/frisowempe/ISA_D/docs/TODO.md,237,"- [ ] Compliance: capture Terms/robots snapshot; do‑not‑scrape allow/deny lists; audit log (URL, ts, status, bytes, reason)"
/Users/frisowempe/ISA_D/docs/TODO.md,238,- [ ] Caching & Repro: on-disk cache keyed by URL+headers; content hash (SHA‑256); offline replay fixtures for tests
/Users/frisowempe/ISA_D/docs/TODO.md,239,"- [ ] Storage & Schema: content-addressable store for HTML/text; metadata schema (url, fetched_at, mime, size, sha256, robots_rules)"
/Users/frisowempe/ISA_D/docs/TODO.md,240,- [ ] Indexing & Memory: summarize + embed harvested docs; add to VectorIndex + KG with provenance
/Users/frisowempe/ISA_D/docs/TODO.md,241,"- [ ] R2P Integration: auto-populate Search Ledger entries from research sessions (queries, sources, grades)"
/Users/frisowempe/ISA_D/docs/TODO.md,242,- [ ] CI: offline tests using recorded fixtures; no live network on PR; nightly job allowed for approved seed domains
/Users/frisowempe/ISA_D/docs/TODO.md,246,- [ ] Unit/integration/property tests on PRs
/Users/frisowempe/ISA_D/docs/TODO.md,247,- [ ] Coverage ≥90% for core mapping; thresholds in CI
/Users/frisowempe/ISA_D/docs/TODO.md,248,- [x] Advisory memory coherence gate (drift check) in PR CI
/Users/frisowempe/ISA_D/docs/TODO.md,252,- [ ] Sourcegraph/Cody integration (or local sg/rg fallback) for semantic/code example search; document privacy & rate limits
/Users/frisowempe/ISA_D/docs/TODO.md,253,- [ ] Example-centric search (Blueprint/Codota patterns) — process doc with prompt templates; store results as research ledgers with citations
/Users/frisowempe/ISA_D/docs/TODO.md,254,- [ ] Agent tool benchmarks: evaluate Cursor/Copilot Agent/Claude Code on curated PR set; log productivity metrics
/Users/frisowempe/ISA_D/docs/TODO.md,255,- [ ] Evaluation frameworks: adopt a small SWE‑bench/DevBench subset in nightly with fixtures; publish pass/fail and failure classes
/Users/frisowempe/ISA_D/docs/TODO.md,256,- [ ] Static/code health: expand Semgrep rulesets; optionally add CodeScene advisory reports
/Users/frisowempe/ISA_D/docs/TODO.md,257,- [ ] Onboarding assistants: VS Code explainers (GPTutor‑style) added to onboarding docs; measure time‑to‑ramp
/Users/frisowempe/ISA_D/docs/TODO.md,261,"- [ ] Privacy: add deletion events and audit test (expected counts, reasons)"
/Users/frisowempe/ISA_D/docs/TODO.md,262,- [ ] Stability: promote coherence gate to enforced after 7 green days
/Users/frisowempe/ISA_D/docs/TODO.md,270,"- [ ] Generate matrix (field → source, transform, ESRS link)"
/Users/frisowempe/ISA_D/docs/TODO.md,271,- [ ] CI check for unmapped/collisions; waivers tracked
/Users/frisowempe/ISA_D/docs/TODO.md,279,"- [x] Canonical JSON writer (sorted keys, UTF‑8, newline)"
/Users/frisowempe/ISA_D/docs/TODO.md,289,- [ ] Baseline profiling (cProfile/py-spy) captured as artifacts
/Users/frisowempe/ISA_D/docs/TODO.md,290,"- [ ] Optimize I/O (streaming/chunking), vectorize heavy ops"
/Users/frisowempe/ISA_D/docs/TODO.md,291,- [ ] Parallel runner with safe concurrency limits
/Users/frisowempe/ISA_D/docs/TODO.md,296,- [ ] JSON performance: adopt orjson for dumps and critical loads where safe; canonical writer backed by orjson
/Users/frisowempe/ISA_D/docs/TODO.md,297,- [ ] Validation speed: precompile JSON Schemas via fastjsonschema; use Pydantic v2 compiled validators
/Users/frisowempe/ISA_D/docs/TODO.md,298,- [ ] Dataframes: prototype Polars for heavy transforms; fallback to pandas where simpler
/Users/frisowempe/ISA_D/docs/TODO.md,299,- [ ] Joins/aggregation: add optional DuckDB path for large joins; compare perf and memory
/Users/frisowempe/ISA_D/docs/TODO.md,300,- [ ] Caching: content-hash + LRU caches for pure functions; HTTP caching (ETag/If-None-Match)
/Users/frisowempe/ISA_D/docs/TODO.md,301,- [ ] I/O streaming: stream CSV/JSONL and compressed inputs; avoid materializing large intermediates
/Users/frisowempe/ISA_D/docs/TODO.md,302,- [ ] Async I/O: httpx (async) for external calls with connection pooling and timeouts
/Users/frisowempe/ISA_D/docs/TODO.md,303,- [ ] Concurrency: safe multiprocessing for CPU-bound; asyncio for I/O-bound; document limits
/Users/frisowempe/ISA_D/docs/TODO.md,304,- [ ] Test speed: pytest-xdist for parallel tests; split slow tests to nightly
/Users/frisowempe/ISA_D/docs/TODO.md,305,- [ ] Memory: tracemalloc and objgraph snapshots for hot paths; fix top leaks
/Users/frisowempe/ISA_D/docs/TODO.md,310,- [ ] Content-hash caches for expensive steps (disk-backed)
/Users/frisowempe/ISA_D/docs/TODO.md,311,- [ ] Invalidation strategy documented
/Users/frisowempe/ISA_D/docs/TODO.md,321,- [ ] Optional OpenTelemetry spans on pipelines
/Users/frisowempe/ISA_D/docs/TODO.md,322,- [ ] Implement Cognitive Visualizer: agent to generate a `reasoning_graph.mermaid` artifact for complex tasks to explain its decision process.
/Users/frisowempe/ISA_D/docs/TODO.md,328,- [x] Memory logs snapshot artifact
/Users/frisowempe/ISA_D/docs/TODO.md,329,- [ ] Dashboard panel for memory events rate and drift (Grafana)
/Users/frisowempe/ISA_D/docs/TODO.md,334,- [ ] Low-overhead structured logging via orjson; add sampling for noisy categories
/Users/frisowempe/ISA_D/docs/TODO.md,335,- [ ] Standardize metrics types: counters and histograms (latency P50/P95/P99) with exemplars
/Users/frisowempe/ISA_D/docs/TODO.md,336,- [ ] Request-scoped correlation/tracing IDs propagated across tasks
/Users/frisowempe/ISA_D/docs/TODO.md,344,"- [ ] Bandit, pip-audit, gitleaks in CI (advisory → gates)"
/Users/frisowempe/ISA_D/docs/TODO.md,345,- [ ] SBOM generation (syft) and Trivy container scan weekly
/Users/frisowempe/ISA_D/docs/TODO.md,346,- [ ] Vulnerability triage workflow documented
/Users/frisowempe/ISA_D/docs/TODO.md,355,- [x] PR CI skeleton (ruff enforced; others advisory)
/Users/frisowempe/ISA_D/docs/TODO.md,356,- [x] Nightly and weekly workflows in place
/Users/frisowempe/ISA_D/docs/TODO.md,357,"- [ ] Release workflow (semver, changelog, signed artifacts)"
/Users/frisowempe/ISA_D/docs/TODO.md,359,"- [x] Significance-triggered deep checks wired in CI (Semgrep, extended tests)"
/Users/frisowempe/ISA_D/docs/TODO.md,360,- [x] Memory coherence gate enforced + memory logs snapshot uploaded
/Users/frisowempe/ISA_D/docs/TODO.md,361,- [x] Combined coverage across app + packages (advisory) and baseline on main
/Users/frisowempe/ISA_D/docs/TODO.md,362,- [x] Agent Check workflow (on-demand) added
/Users/frisowempe/ISA_D/docs/TODO.md,370,- [ ] packages/orchestrator: LangGraph graphs (plan→tool→reflect; long jobs)
/Users/frisowempe/ISA_D/docs/TODO.md,371,- [ ] packages/agents/autogen: AutoGen teams + Studio configs; promotion pipeline to LangGraph
/Users/frisowempe/ISA_D/docs/TODO.md,372,"- [ ] packages/llm: runtime layer (OpenAI Responses, Bedrock Agents) with one interface + parity tests"
/Users/frisowempe/ISA_D/docs/TODO.md,373,- [ ] packages/dspy: DSPy modules for top tasks; training/compile scripts + artifacts
/Users/frisowempe/ISA_D/docs/TODO.md,374,- [ ] infra/rag: Pinecone ingestion/embeddings/indexers/retrievers; eval notebooks; golden datasets
/Users/frisowempe/ISA_D/docs/TODO.md,375,"- [ ] infra/mcp: MCP client + servers (FS, Git, Build, GS1); secure defaults; smoke tests in CI"
/Users/frisowempe/ISA_D/docs/TODO.md,376,"- [ ] Implement Dynamic Multi-Agent Collaboration: enable the orchestrator to spawn and manage teams of specialized sub-agents (e.g., Coder, Tester, Documenter) for complex tasks."
/Users/frisowempe/ISA_D/docs/TODO.md,377,- [x] SuperApp policy: forbid direct LLM calls (guard flag) + minimal orchestrator facade behind flag with unit test
/Users/frisowempe/ISA_D/docs/TODO.md,378,Acceptance: Runtime parity ≥95% on evals; MCP smoke green 7 days; PRs include traces/evidence; orchestrator-only policy verified by tests.
/Users/frisowempe/ISA_D/docs/TODO.md,382,"- [x] Makefile tasks (setup, lint, fix, typecheck, test)"
/Users/frisowempe/ISA_D/docs/TODO.md,384,- [x] Devcontainer + VS Code tasks (added)
/Users/frisowempe/ISA_D/docs/TODO.md,386,- [ ] 5‑minute onboarding guide and one-command demo
/Users/frisowempe/ISA_D/docs/TODO.md,392,- [ ] Great Expectations or pydantic-core suites for inputs
/Users/frisowempe/ISA_D/docs/TODO.md,394,- [ ] CI gate for data quality with actionable errors
/Users/frisowempe/ISA_D/docs/TODO.md,404,"- [ ] Wheels for packages/{isa_c_full,isa_c_mapping} with CLI entries"
/Users/frisowempe/ISA_D/docs/TODO.md,406,"- [ ] Docker image for apps/superapp (non-root, healthcheck)"
/Users/frisowempe/ISA_D/docs/TODO.md,408,"- [ ] docker-compose demo stack under infra/; K8s readiness doc (probes, statelessness, HPA)"
/Users/frisowempe/ISA_D/docs/TODO.md,416,- [ ] Split FastAPI app into routers/services; remove in-process uvicorn spawn; add proper CLI entrypoint
/Users/frisowempe/ISA_D/docs/TODO.md,417,- [ ] Health/readiness probes and graceful shutdown; config centralized (pydantic-settings)
/Users/frisowempe/ISA_D/docs/TODO.md,418,- [ ] Static/assets served via ASGI static middleware; add CSP header checks in tests
/Users/frisowempe/ISA_D/docs/TODO.md,423,- [x] Lead Developer Autonomy policy documented (act without asking; research-first; escalation triggers)
/Users/frisowempe/ISA_D/docs/TODO.md,424,- [x] Outcomes logging + weekly summary reports (local-first)
/Users/frisowempe/ISA_D/docs/TODO.md,425,- [x] Docs reference linter and index (search_index) for cross-link integrity
/Users/frisowempe/ISA_D/docs/TODO.md,426,- [x] PR Notes generator (Plan/Diff/Evidence) for branch updates
/Users/frisowempe/ISA_D/docs/TODO.md,428,- [ ] Implement Tree-of-Thoughts in Planner to explore multiple solution paths; use Critic to score and select the best branch.
/Users/frisowempe/ISA_D/docs/TODO.md,429,"- [ ] Implement Autonomous Tool Creation: enable agent to write, test, and register new Python functions in a dedicated `packages/agent_tools` library."
/Users/frisowempe/ISA_D/docs/TODO.md,430,- [ ] Empower Critic to identify and propose proactive refactorings for code with high complexity or low maintainability.
/Users/frisowempe/ISA_D/docs/TODO.md,431,"- [ ] Add multi-provider support for agent instructions (e.g., `docs/agents/gemini.md`) to allow different assistants to operate effectively."
/Users/frisowempe/ISA_D/docs/TODO.md,439,"- [x] Roles, safety policies, autonomy tiers documented"
/Users/frisowempe/ISA_D/docs/TODO.md,440,"- [ ] Implement policy engine (allowlists, rate limits, kill-switch)"
/Users/frisowempe/ISA_D/docs/TODO.md,441,- [ ] Agent PR dry-run job (plan/diff comment) in CI; document PR comment schema and artifact paths
/Users/frisowempe/ISA_D/docs/TODO.md,443,Acceptance: All agent edits via branches; CI green required for merges; kill-switch documented.
/Users/frisowempe/ISA_D/docs/TODO.md,449,- [x] Initial reward model drafted
/Users/frisowempe/ISA_D/docs/TODO.md,450,- [ ] Bandit strategy set defined; replay logs schema
/Users/frisowempe/ISA_D/docs/TODO.md,451,- [ ] Eval suite of low-risk tasks with win-rate tracking
/Users/frisowempe/ISA_D/docs/TODO.md,452,- [ ] Formalize TDD strategy: update Reward Model to heavily incentivize generating a failing test before writing implementation code.
/Users/frisowempe/ISA_D/docs/TODO.md,459,"- [ ] SLOs for agent success, revert rate, planning latency"
/Users/frisowempe/ISA_D/docs/TODO.md,460,- [ ] Alerts wired (Slack) for budget breaches
/Users/frisowempe/ISA_D/docs/TODO.md,468,- [ ] Tiered autonomy rollout (T0→T2) playbook
/Users/frisowempe/ISA_D/docs/TODO.md,469,- [ ] Rollback & repro pack automation
/Users/frisowempe/ISA_D/docs/TODO.md,474,- [ ] Adapter abstraction for LLM/tooling (DeepSeek-ready)
/Users/frisowempe/ISA_D/docs/TODO.md,475,- [ ] Parity tests (plan/diff consistency) across engines
/Users/frisowempe/ISA_D/docs/TODO.md,480,"- [ ] Foundations: adapter interface, flags, eval harness"
/Users/frisowempe/ISA_D/docs/TODO.md,481,- [ ] ESG‑BERT + rules MVP (NOW)
/Users/frisowempe/ISA_D/docs/TODO.md,482,- [ ] LNN rule validator (NOW)
/Users/frisowempe/ISA_D/docs/TODO.md,483,- [ ] SenticNet client (NOW optional)
/Users/frisowempe/ISA_D/docs/TODO.md,484,"- [ ] Pilots: ESGSenticNet, DeepProbLog, Weave.AI"
/Users/frisowempe/ISA_D/docs/TODO.md,485,"- [ ] Research: NeurASP, DON"
/Users/frisowempe/ISA_D/docs/TODO.md,486,Acceptance: Each adapter promoted only after meeting metrics for 7 consecutive days.
/Users/frisowempe/ISA_D/docs/TODO.md,490,- [x] Router + logs + tests
/Users/frisowempe/ISA_D/docs/TODO.md,491,- [ ] Zep adapter behind flag (temporal KG)
/Users/frisowempe/ISA_D/docs/TODO.md,492,- [ ] MemEngine adapter behind flag
/Users/frisowempe/ISA_D/docs/TODO.md,493,- [ ] A‑MEM adapter behind flag
/Users/frisowempe/ISA_D/docs/TODO.md,494,- [ ] AWS memory‑augmented patterns (S3/Dynamo) behind flag
/Users/frisowempe/ISA_D/docs/TODO.md,495,- [ ] MCP protocol for tool/context access (explore)
/Users/frisowempe/ISA_D/docs/TODO.md,496,- [ ] LangChain memory modules (buffer/summary/vector) parity tests
/Users/frisowempe/ISA_D/docs/TODO.md,501,"- [ ] Source registry and ingestion (official portals, regulators, legislative DBs) with multilingual coverage"
/Users/frisowempe/ISA_D/docs/TODO.md,502,- [ ] NLP summaries and requirement extraction; accuracy sampling process
/Users/frisowempe/ISA_D/docs/TODO.md,503,- [ ] Horizon scanning models + evidence logging (predictions → outcomes)
/Users/frisowempe/ISA_D/docs/TODO.md,504,- [ ] Stakeholder/engagement graph; link to advocacy playbooks
/Users/frisowempe/ISA_D/docs/TODO.md,505,- [ ] Role dashboards + alerts; sector briefs; portal widgets for members
/Users/frisowempe/ISA_D/docs/TODO.md,506,"- [ ] Intelligence‑as‑a‑Service packaging (tiers, SLAs, pricing); billing integration stub"
/Users/frisowempe/ISA_D/docs/TODO.md,511,- [ ] Workshop: secure co‑authoring with version history and threaded comments
/Users/frisowempe/ISA_D/docs/TODO.md,512,- [ ] Forum: AI comment triage; structured dissent resolution; digital balloting
/Users/frisowempe/ISA_D/docs/TODO.md,513,- [ ] Opportunity Engine: proactive work item detection from RI + market/tech signals
/Users/frisowempe/ISA_D/docs/TODO.md,514,- [ ] Publisher: automated validation/linting; multi‑format outputs; cross‑standard checks
/Users/frisowempe/ISA_D/docs/TODO.md,515,- [ ] Contributor analytics; publication latency dashboard; UX hardening
/Users/frisowempe/ISA_D/docs/TODO.md,520,- [ ] Flip mypy/tests/security to enforced after stability window
/Users/frisowempe/ISA_D/docs/TODO.md,521,- [ ] Set coverage/type thresholds in CI and document waivers
/Users/frisowempe/ISA_D/docs/TODO.md,522,Acceptance: Gates enforced with minimal flakiness; waivers tracked in TECH_DEBT.md.
/Users/frisowempe/ISA_D/docs/TODO.md,526,"- [ ] Data classification (PII, sensitive, public); tag flows"
/Users/frisowempe/ISA_D/docs/TODO.md,527,- [ ] DPIA and threat model for data processing
/Users/frisowempe/ISA_D/docs/TODO.md,528,- [ ] DSR playbooks (access/delete/export) and retention policy
/Users/frisowempe/ISA_D/docs/TODO.md,529,- [ ] Redaction/anonymization utilities with tests
/Users/frisowempe/ISA_D/docs/TODO.md,534,- [ ] Ownership/stewardship matrix for datasets and schemas
/Users/frisowempe/ISA_D/docs/TODO.md,535,"- [ ] Lineage capture for pipelines (run IDs, input/output content hashes; consider OpenLineage)"
/Users/frisowempe/ISA_D/docs/TODO.md,536,- [ ] Data versioning policy for golden datasets (Git LFS/DVC) without repo bloat
/Users/frisowempe/ISA_D/docs/TODO.md,537,- [ ] Data catalog export (even if lightweight JSON)
/Users/frisowempe/ISA_D/docs/AGENTIC_SCORECARD.md,5,- 0–3: Nascent — documented intent only
/Users/frisowempe/ISA_D/docs/AGENTIC_SCORECARD.md,8,"- 9–10: Excellent — enforced, stable (7+ days), metrics tracked, rollback/canaries"
/Users/frisowempe/ISA_D/docs/AGENTIC_SCORECARD.md,19,- Verification & Gates: 7/10 — promote to enforced after stability (7 days) next.
/Users/frisowempe/ISA_D/docs/AGENTIC_SCORECARD.md,27,- Flip tests/coverage/mypy/semgrep to enforced after 7 green days (core paths).
/Users/frisowempe/ISA_D/docs/DEFINITION_OF_DONE.md,9,- [ ] Lint clean (ruff) and formatted
/Users/frisowempe/ISA_D/docs/DEFINITION_OF_DONE.md,10,- [ ] Typecheck clean (mypy) or waivers documented in TECH_DEBT.md
/Users/frisowempe/ISA_D/docs/DEFINITION_OF_DONE.md,11,- [ ] Tests updated/added; PR CI test job green (advisory until gates flip)
/Users/frisowempe/ISA_D/docs/DEFINITION_OF_DONE.md,12,"- [ ] Determinism preserved (snapshots/canonical outputs, where applicable)"
/Users/frisowempe/ISA_D/docs/DEFINITION_OF_DONE.md,13,- [ ] Security checks reviewed (Bandit/pip-audit output; zero high/critical on main)
/Users/frisowempe/ISA_D/docs/DEFINITION_OF_DONE.md,14,- [ ] Docs updated (README/CHANGELOG/runbooks as relevant)
/Users/frisowempe/ISA_D/docs/DEFINITION_OF_DONE.md,15,- [ ] Rollback notes and risk in PR description; no destructive migrations without plan
/Users/frisowempe/ISA_D/docs/DEFINITION_OF_DONE.md,16,- [ ] Adapters/feature flags used for new integrations; defaults safe (OFF)
/Users/frisowempe/ISA_D/docs/DEFINITION_OF_DONE.md,19,- [ ] Guard tests for public surface/routers; behavior unchanged unless specified
/Users/frisowempe/ISA_D/docs/DEFINITION_OF_DONE.md,20,- [ ] Observability: structured logs with correlation IDs; metrics for critical paths
/Users/frisowempe/ISA_D/docs/DEFINITION_OF_DONE.md,21,- [ ] Config via typed settings; no secrets in code; .env.example updated
/Users/frisowempe/ISA_D/docs/DEFINITION_OF_DONE.md,22,"- [ ] Performance impact considered; if marked critical, include benchmark delta and perf budget status"
/Users/frisowempe/ISA_D/docs/DEFINITION_OF_DONE.md,25,- [ ] Schema/mapping matrix updated; data quality checks pass (no new critical failures)
/Users/frisowempe/ISA_D/docs/DEFINITION_OF_DONE.md,26,- [ ] Snapshot/golden outputs updated intentionally; review includes diff of canonical outputs
/Users/frisowempe/ISA_D/docs/DEFINITION_OF_DONE.md,27,- [ ] Large datasets handled via LFS/DVC or artifacts (no repo bloat)
/Users/frisowempe/ISA_D/docs/DEFINITION_OF_DONE.md,30,- [ ] Docs build; links and examples tested
/Users/frisowempe/ISA_D/docs/DEFINITION_OF_DONE.md,31,- [ ] PR template/DoD alignment verified
/Users/frisowempe/ISA_D/docs/DEFINITION_OF_DONE.md,32,- [ ] Autonomy: changes follow Lead Developer mode (act without asking); escalation only per policy triggers
/Users/frisowempe/ISA_D/docs/DEFINITION_OF_DONE.md,35,"- [ ] R2P artifacts attached: search ledger, POC protocol, replication notes"
/Users/frisowempe/ISA_D/docs/DEFINITION_OF_DONE.md,36,- [ ] Decision (Adopt/Hold/Reject) recorded; ADR if adopted; adapter+flag integration
/Users/frisowempe/ISA_D/docs/DEFINITION_OF_DONE.md,37,- [ ] Shadow A/B plan for 7-day stability documented before gating
/Users/frisowempe/ISA_D/docs/ROADMAP.md,98,- Phase 3: Nap‑time learning promotion; memory drift thresholds tuned; flip coherence gate to enforced after 7 green days.
/Users/frisowempe/ISA_D/docs/ROADMAP.md,164,- Phase 1: ruff enforced; mypy/tests advisory.
/Users/frisowempe/ISA_D/docs/ROADMAP.md,166,- Phase 2–3: ≥90% coverage; flip type/tests to enforced; nightly mutation ≥70%.
/Users/frisowempe/ISA_D/docs/ROADMAP.md,170,- Process: Definition of Done + PR template enforced on PRs.
/Users/frisowempe/ISA_D/docs/ROADMAP.md,267,- Gate A: ruff enforced; PR CI green; monorepo ready.
/Users/frisowempe/ISA_D/docs/ROADMAP.md,268,"- Gate B: coverage ≥90% (core), mypy enforced, mapping matrix complete."
/Users/frisowempe/ISA_D/docs/ROADMAP.md,272,- Gate OI: runtime parity ≥95% on eval tasks; MCP smoke green 7 days; orchestrator-only call policy enforced; AutoGen flows promoted to LangGraph.
/Users/frisowempe/ISA_D/docs/ROADMAP.md,279,- CP-1 (to Gate A): Monorepo target layout approved → Migration map finalized → ruff enforced in CI.
/Users/frisowempe/ISA_D/docs/ROADMAP.md,280,- CP-2 (to Gate B): Tests stabilized (core coverage ≥90%) → mypy green on target modules → flip mypy/tests to enforced.
/Users/frisowempe/ISA_D/docs/ROADMAP.md,282,- CP-4 (to Gate D): Security baseline triaged → no high/critical in Bandit/pip-audit/Trivy → flip to enforced.
/Users/frisowempe/ISA_D/docs/ROADMAP.md,287,"- A check flips from advisory to enforced only after 7 consecutive green nightly runs meeting thresholds, and no open waivers in TECH_DEBT.md."
/Users/frisowempe/ISA_D/docs/ROADMAP.md,292,"- Medium term (weeks 3–6): Quality gates (typing/tests/security) enforced, deterministic outputs, performance uplift, NeSy MVPs in shadow."
/Users/frisowempe/ISA_D/docs/CI_WORKFLOWS.md,11,- Memory coherence: enforced drift gate; uploads memory logs snapshot.
/Users/frisowempe/ISA_D/docs/CI_WORKFLOWS.md,52,- Large/binary files should be tracked via LFS where retention is required (see `docs/ops/LFS_POLICY.md`).
/Users/frisowempe/ISA_D/docs/CI_WORKFLOWS.md,60,"Once these conditions are met, flip the memory coherence gate from advisory to enforced and document the change in `docs/QUALITY_GATES.md` and the release notes."
/Users/frisowempe/ISA_D/docs/QUALITY_GATES.md,6,- Enforced: failures block merges.
/Users/frisowempe/ISA_D/docs/QUALITY_GATES.md,8,Initial PR CI (advisory → enforced when stable)
/Users/frisowempe/ISA_D/docs/QUALITY_GATES.md,9,- Lint/format (ruff): enforced immediately.
/Users/frisowempe/ISA_D/docs/QUALITY_GATES.md,10,- Typecheck (mypy): advisory → enforced once green for 7 consecutive days.
/Users/frisowempe/ISA_D/docs/QUALITY_GATES.md,11,- Tests + coverage: advisory → enforced at ≥90% coverage (core modules).
/Users/frisowempe/ISA_D/docs/QUALITY_GATES.md,12,"- Security (bandit, pip-audit, gitleaks): advisory → enforced once baseline issues triaged."
/Users/frisowempe/ISA_D/docs/QUALITY_GATES.md,19,- **Linting**: Must pass `ruff check`.
/Users/frisowempe/ISA_D/docs/QUALITY_GATES.md,20,- **Formatting**: Must pass `ruff format --check`.
/Users/frisowempe/ISA_D/docs/QUALITY_GATES.md,21,- **Type Checking**: Must pass `mypy` with no errors (once the gate is enforced).
/Users/frisowempe/ISA_D/docs/QUALITY_GATES.md,22,- **Testing**: Must be covered by `pytest` unit or integration tests where applicable. Core logic should strive for >90% coverage.
/Users/frisowempe/ISA_D/docs/QUALITY_GATES.md,23,- **Security**: Must pass `bandit` and `pip-audit` scans with no high/critical vulnerabilities.
/Users/frisowempe/ISA_D/docs/QUALITY_GATES.md,27,All test files (`**/tests/**/*.py`) are considered part of the project's quality assurance framework. They are executed via `pytest` in the CI pipeline and must adhere to the same linting and formatting standards as source code.
/Users/frisowempe/ISA_D/docs/QUALITY_GATES.md,31,"Project configuration files (`.yml`, `.toml`, `.yaml`, `Dockerfile`, etc.) are governed by the principle of ""working as configured."" They must be parsable and are validated by the CI jobs that consume them (e.g., the `docker build` and `commitlint` jobs)."
/Users/frisowempe/ISA_D/docs/QUALITY_GATES.md,38,- Memory coherence: enforced drift gate (threshold tuned); report includes coherence scorecard.
/Users/frisowempe/ISA_D/docs/QUALITY_GATES.md,46,- pip-audit runs in PR CI (advisory → enforced) against these manifests; remediation is required for high/critical.
/Users/frisowempe/ISA_D/docs/QUALITY_GATES.md,50,- Flip a check to enforced only after it runs green for a sustained period or has waivers documented in TECH_DEBT.md.
/Users/frisowempe/ISA_D/docs/QUALITY_GATES.md,52,Gate‑Flip Conditions (Advisory → Enforced)
/Users/frisowempe/ISA_D/docs/QUALITY_GATES.md,63,"- For urgent fixes that must bypass gates, use a dedicated ""break‑glass"" label and PR template section explaining impact, risk, and rollback."
/Users/frisowempe/ISA_D/docs/QUALITY_GATES.md,65,- Requirements: all tests/linters must still run; post‑merge follow‑up issue to restore gate compliance within 72 hours.
/Users/frisowempe/ISA_D/docs/QUALITY_GATES.md,67,Waiver Policy
/Users/frisowempe/ISA_D/docs/QUALITY_GATES.md,68,"- Waivers must be documented in TECH_DEBT.md with owner, reason, scope, and expiry date (≤30 days by default)."
/Users/frisowempe/ISA_D/docs/QUALITY_GATES.md,74,- Memory coherence: gate promoted to enforced after 7 consecutive green PRs (now enforced by default).
/Users/frisowempe/ISA_D/docs/QUALITY_GATES.md,82,- Promotion: orjson default may be considered only after cross‑OS parity and 7 consecutive green nightly runs.
/Users/frisowempe/ISA_D/docs/QUALITY_METHODS.md,8,"- Gates: Lint (enforced), Types/Tests/Security (advisory → enforced after 7 green days), Memory Coherence, Docs build, Container smoke."
/Users/frisowempe/ISA_D/docs/QUALITY_METHODS.md,13,- Orchestrator‑Only Policy: Enforce `ISA_FORBID_DIRECT_LLM=1` in environments that must not call LLMs directly; refactor app flows to use orchestrator layer.
/Users/frisowempe/ISA_D/docs/QUALITY_METHODS.md,17,- Promotion: Any advisory check flips to enforced only after stable green (7‑day rule) with no active waivers.
/Users/frisowempe/ISA_D/docs/COST_TELEMETRY.md,18,- Budgets and alerts configured for costly features; PRs must not exceed budget without override.
/Users/frisowempe/ISA_D/docs/AGENTIC_GOALS.md,8,- Quality: Core coverage ≥90%; type errors = 0 on target modules; determinism gates enforced.
/Users/frisowempe/ISA_D/docs/AGENTIC_GOALS.md,15,- Gate B: mypy + tests enforced on core paths; coverage no-regression guard active.
/Users/frisowempe/ISA_D/docs/ADOPTION_PLAN.md,23,- Flip Gates: Promote tests/coverage/type/semgrep to enforced for core paths after 7 green days; promote determinism + container smoke.
/Users/frisowempe/ISA_D/docs/ADOPTION_PLAN.md,26,Acceptance: Gates enforced; zero regressions in 7-day window; council summaries appear for large diffs.
/Users/frisowempe/ISA_D/docs/IMPLEMENTATION_PLAN.md,9,"- [ ] Deliver AI Project Charter (docs/AI_PROJECT_CHARTER.md) — owner: eng-lead — Acceptance: charter reviewed by core team, linked from README"
/Users/frisowempe/ISA_D/docs/IMPLEMENTATION_PLAN.md,11,"- [ ] Deliver Vector Store Schema (docs/VECTOR_STORE_SCHEMA.md) — owner: data-engineer — Acceptance: ingestion manifests conform to schema, example produced"
/Users/frisowempe/ISA_D/docs/IMPLEMENTATION_PLAN.md,13,- [ ] Deliver Model Card (docs/model_cards/EXAMPLE.md) — owner: data-science — Acceptance: model card committed and linked to experiments
/Users/frisowempe/ISA_D/docs/IMPLEMENTATION_PLAN.md,15,- [ ] Deliver Data Catalog stub (data/data_catalog.yaml) — owner: data-engineer — Acceptance: dataset entries for vector index and golden datasets present
/Users/frisowempe/ISA_D/docs/IMPLEMENTATION_PLAN.md,57,"- Risk: CI churn from new doc checks. Mitigation: start advisory, roll to enforced only after stability window."
/Users/frisowempe/ISA_D/context7-master/README.md,973,- `libraryName` (required): The name of the library to search for
/Users/frisowempe/ISA_D/context7-master/README.md,976,"- `context7CompatibleLibraryID` (required): Exact Context7-compatible library ID (e.g., `/mongodb/docs`, `/vercel/next.js`)"
/Users/frisowempe/ISA_D/.github/pull_request_template.md,8,- [ ] Lint/format clean (ruff)
/Users/frisowempe/ISA_D/.github/pull_request_template.md,9,- [ ] Typecheck clean (mypy) or waivers documented
/Users/frisowempe/ISA_D/.github/pull_request_template.md,10,- [ ] Tests updated/added and green (advisory until gates flip)
/Users/frisowempe/ISA_D/.github/pull_request_template.md,11,- [ ] Determinism preserved (snapshots/canonical outputs where applicable)
/Users/frisowempe/ISA_D/.github/pull_request_template.md,12,- [ ] Memory coherence reviewed (gate output and memory logs snapshot in CI artifacts)
/Users/frisowempe/ISA_D/.github/pull_request_template.md,13,- [ ] Coherence audit reviewed (coherence scorecard and orphans list in CI artifacts)
/Users/frisowempe/ISA_D/.github/pull_request_template.md,14,- [ ] Security reviewed (Bandit/pip-audit output); no secrets committed
/Users/frisowempe/ISA_D/.github/pull_request_template.md,15,- [ ] Docs updated (README/CHANGELOG/runbooks as needed)
/Users/frisowempe/ISA_D/.github/pull_request_template.md,16,- [ ] Rollback plan noted
/Users/frisowempe/ISA_D/.github/pull_request_template.md,17,- [ ] Adapters/feature flags for new integrations (default OFF)
/Users/frisowempe/ISA_D/.github/pull_request_template.md,21,- [ ] `make docs-lint` (fix any broken refs; see `docs/audit/docs_ref_report.md`)
/Users/frisowempe/ISA_D/.github/pull_request_template.md,22,- [ ] `make healthcheck` (review `docs/audit/healthcheck.md` and attach key excerpts)
/Users/frisowempe/ISA_D/.github/pull_request_template.md,23,- [ ] `make pr-notes` (attach `agent/outcomes/PR_NOTES.md` Plan/Diff/Evidence)
/Users/frisowempe/ISA_D/src/orchestrator/README.md,4,Scope: Safe stubs for plan→tool→reflect graphs (no external deps). Use to prove orchestrator-only integration path.
/Users/frisowempe/ISA_D/.github/ISSUE_TEMPLATE/high-priority-governance.md,30,- [ ] Draft
/Users/frisowempe/ISA_D/.github/ISSUE_TEMPLATE/high-priority-governance.md,31,- [ ] Internal review
/Users/frisowempe/ISA_D/.github/ISSUE_TEMPLATE/high-priority-governance.md,32,- [ ] Commit
/Users/frisowempe/ISA_D/.github/ISSUE_TEMPLATE/high-priority-governance.md,33,- [ ] PR
/Users/frisowempe/ISA_D/.github/ISSUE_TEMPLATE/high-priority-governance.md,34,- [ ] Review & merge
/Users/frisowempe/ISA_D/context7-master/docs/adding-projects.md,51,"- **`excludeFiles`** (array): Specific file names to exclude from documentation parsing. Only include the filename (not the path). Useful for excluding files like `CHANGELOG.md`, license files, or other non-documentation content that might not be relevant for coding agents. Regex patterns are not supported."
/Users/frisowempe/ISA_D/context7-master/docs/adding-projects.md,112,> **Note**: The `tag` value must exactly match an existing Git tag in your GitHub repository.
/Users/frisowempe/ISA_D/docs/ADR/0004-validation-fastjsonschema.md,8,- Introduce a JSON Schema validation utility based on fastjsonschema for heavy schema-only checks.
/Users/frisowempe/ISA_D/docs/ADR/0004-validation-fastjsonschema.md,13,- Improved throughput for schema-only paths; two validation mechanisms increase cognitive load slightly.
/Users/frisowempe/ISA_D/docs/ADR/0003-canonical-json-orjson.md,25,- Promotion: enable orjson by default only after cross‑OS verification and 7 green nightly snapshot runs.
/Users/frisowempe/ISA_D/docs/ADR/0002-agent-safety-and-autonomy.md,5,- The agent edits code and runs tools; safety must be explicit and enforceable.
/Users/frisowempe/ISA_D/docs/ADR/0002-agent-safety-and-autonomy.md,13,Kill-Switch & Triggers (Details)
/Users/frisowempe/ISA_D/docs/ADR/0002-agent-safety-and-autonomy.md,18,"- Promotion criteria: Tier advancement only after 4 consecutive weeks meeting autonomy SLOs (win-rate, reverts, latency), with no critical incidents."
/Users/frisowempe/ISA_D/docs/llm/RUNTIME_LAYER.md,12,- Default safe OFF for external calls in CI; keys via env; rate limits and budgets enforced.
/Users/frisowempe/ISA_D/docs/data_quality/EXPECTATIONS_PLAN.md,13,CI (Advisory → Enforced)
/Users/frisowempe/ISA_D/docs/data_quality/EXPECTATIONS_PLAN.md,15,- Promote to enforced for core paths after 7 green runs (no critical failures).
/Users/frisowempe/ISA_D/docs/interop/MCP.md,8,"- FS (filesystem restricted), Git (read‑only by default), Build (safe commands catalog), GS1 feeds (read‑only)"
/Users/frisowempe/ISA_D/docs/agents/INTEGRATION_PROMPTS.md,11,- Expose tools/data via MCP servers; consume via an MCP client. All tools must be MCP-capable.
/Users/frisowempe/ISA_D/docs/agents/INTEGRATION_PROMPTS.md,23,8) Refactor SuperApp to call the orchestrator only; forbid direct LLM calls.
/Users/frisowempe/ISA_D/docs/agents/ORCHESTRATION_ARCHITECTURE.md,69,8) SuperApp refactor — call orchestrator only; forbid direct LLM calls
/Users/frisowempe/ISA_D/docs/agents/AGENTS.md,4,"**Important:** For a comprehensive onboarding experience and detailed operational guidelines, all AI agents must first consult `docs/AI_AGENT_ONBOARDING.md`. This document provides foundational principles, project context, documentation flow, and strategies for preventing double work."
/Users/frisowempe/ISA_D/docs/agents/AGENTS.md,9,- Respect autonomy tiers (T0/T1/T2). Default T0/T1 branch writes only; T2 only for low-risk classes.
/Users/frisowempe/ISA_D/docs/agents/AGENTS.md,34,"- Escalate only on policy triggers: kill-switch active, destructive/irreversible actions beyond allowlists, legal/privacy concerns, or repeated gate failures with unclear remediation."
/Users/frisowempe/ISA_D/docs/agents/CODEGENESIS.md,7,"- Autonomy: Act without asking. Seek minimal human input; escalate only on policy triggers (kill‑switch, destructive beyond allowlists, legal/privacy concerns)."
/Users/frisowempe/ISA_D/docs/audit/remediation_plan.md,3,- [ ] Flip ruff/pytest/coverage/semgrep to enforced after 7-day stability (3 pts)
/Users/frisowempe/ISA_D/docs/audit/remediation_plan.md,4,- [ ] Add determinism snapshot CI job (advisory → enforced) (2 pts)
/Users/frisowempe/ISA_D/docs/audit/remediation_plan.md,5,- [ ] Add docs build (MkDocs) advisory gate (1 pt)
/Users/frisowempe/ISA_D/docs/audit/remediation_plan.md,6,- [ ] Add container build + /metrics curl check in CI (2 pts)
/Users/frisowempe/ISA_D/docs/audit/remediation_plan.md,7,- [ ] Enforce kill-switch/waiver labels in CI (1 pt)
/Users/frisowempe/ISA_D/docs/audit/remediation_plan.md,8,- [ ] Link dependency files to pip-audit policy in QUALITY_GATES (1 pt)
/Users/frisowempe/ISA_D/docs/audit/remediation_plan.md,9,"- [ ] Reference workflows (docs_auto_sync, poc_bench) in CI_WORKFLOWS and QUALITY_GATES (1 pt)"
/Users/frisowempe/ISA_D/docs/audit/remediation_plan.md,10,- [ ] Reduce completeness gaps by referencing key docs in ROADMAP/TODO/DoD (2 pts)
/Users/frisowempe/ISA_D/docs/audit/audit_report.md,5,"- CI Gates: Present 15, Enforced 5, Advisory 10"
/Users/frisowempe/ISA_D/docs/templates/power_analysis_template.md,8,Required Sample Size (calc + method):
/Users/frisowempe/ISA_D/docs/ops/memory_privacy_dsr.md,8,- Event logs (append-only JSONL): `agent/memory/memory_log.jsonl`
/Users/frisowempe/ISA_D/docs/ops/memory_privacy_dsr.md,20,- Keep deletion reversible only via backups until retention windows expire. Review legal retention rules before hard-deleting.
